order_id,customer_id,order_date,product_id,quantity,unit_price,revenue
O00001,C0034,2024-01-26,P036,1,527.91,527.91
O00002,C0032,2024-01-16,P006,2,309.91,619.82
O00003,C0276,2024-01-04,P044,2,142.35,284.7
O00003,C0276,2024-01-04,P045,2,618.02,1236.04
O00004,C0333,2024-01-20,P024,1,135.44,135.44
O00004,C0333,2024-01-20,P017,1,201.22,201.22
O00004,C0333,2024-01-20,P040,1,13.38,13.38
O00005,C0427,2024-01-13,P030,4,301.86,1207.44
O00006,C0485,2024-01-08,P046,1,201.03,201.03
O00007,C0087,2024-01-10,P014,1,9.95,9.95
O00008,C0219,2024-01-06,P021,1,375.86,375.86
O00009,C0309,2024-01-10,P016,1,30.4,30.4
O00010,C0181,2024-01-06,P029,4,355.82,1423.28
O00010,C0181,2024-01-06,P048,1,188.57,188.57
O00011,C0640,2024-01-15,P002,2,27.35,54.7
O00012,C0620,2024-01-21,P041,1,718.47,718.47
O00012,C0620,2024-01-21,P006,3,309.91,929.73
O00013,C0614,2024-01-22,P015,1,44.73,44.73
O00013,C0614,2024-01-22,P045,2,618.02,1236.04
O00013,C0614,2024-01-22,P048,1,188.57,188.57
O00014,C0222,2024-01-19,P033,2,616.01,1232.02
O00015,C0617,2024-01-23,P029,1,355.82,355.82
O00015,C0617,2024-01-23,P037,1,303.43,303.43
O00016,C0221,2024-01-24,P003,1,49.77,49.77
O00017,C0777,2024-01-11,P003,1,49.77,49.77
O00018,C0704,2024-01-25,P043,1,29.54,29.54
O00019,C0593,2024-01-15,P023,1,306.62,306.62
O00020,C0206,2024-01-02,P008,2,14.18,28.36
O00021,C0441,2024-01-12,P047,4,102.85,411.4
O00021,C0441,2024-01-12,P013,2,6.25,12.5
O00022,C0398,2024-01-28,P008,1,14.18,14.18
O00022,C0398,2024-01-28,P007,1,256.51,256.51
O00023,C0182,2024-01-23,P016,4,30.4,121.6
O00024,C0211,2024-01-27,P006,2,309.91,619.82
O00025,C0209,2024-01-02,P009,1,152.01,152.01
O00026,C0653,2024-01-15,P025,2,13.87,27.74
O00027,C0304,2024-01-04,P013,1,6.25,6.25
O00027,C0304,2024-01-04,P043,1,29.54,29.54
O00027,C0304,2024-01-04,P006,2,309.91,619.82
O00028,C0471,2024-01-14,P022,1,363.71,363.71
O00029,C0578,2024-01-28,P016,1,30.4,30.4
O00030,C0699,2024-01-22,P045,1,618.02,618.02
O00031,C0468,2024-01-27,P017,1,201.22,201.22
O00031,C0468,2024-01-27,P016,1,30.4,30.4
O00031,C0468,2024-01-27,P036,1,527.91,527.91
O00032,C0333,2024-01-16,P044,2,142.35,284.7
O00033,C0490,2024-01-02,P006,1,309.91,309.91
O00034,C0523,2024-01-17,P032,4,353.08,1412.32
O00035,C0711,2024-01-21,P024,1,135.44,135.44
O00035,C0711,2024-01-21,P007,1,256.51,256.51
O00036,C0696,2024-01-16,P041,1,718.47,718.47
O00037,C0049,2024-01-16,P013,1,6.25,6.25
O00038,C0558,2024-01-08,P016,1,30.4,30.4
O00038,C0558,2024-01-08,P019,1,317.52,317.52
O00039,C0799,2024-01-22,P014,4,9.95,39.8
O00040,C0471,2024-01-09,P026,2,32.56,65.12
O00040,C0471,2024-01-09,P017,1,201.22,201.22
O00040,C0471,2024-01-09,P003,2,49.77,99.54
O00041,C0431,2024-01-28,P001,2,776.86,1553.72
O00042,C0075,2024-01-01,P007,1,256.51,256.51
O00042,C0075,2024-01-01,P004,3,27.36,82.08
O00043,C0579,2024-01-17,P031,2,319.68,639.36
O00044,C0473,2024-01-24,P003,2,49.77,99.54
O00044,C0473,2024-01-24,P002,1,27.35,27.35
O00045,C0125,2024-01-25,P024,1,135.44,135.44
O00045,C0125,2024-01-25,P021,1,375.86,375.86
O00046,C0564,2024-01-20,P034,3,259.38,778.14
O00047,C0075,2024-01-20,P037,1,303.43,303.43
O00048,C0156,2024-01-28,P029,1,355.82,355.82
O00048,C0156,2024-01-28,P030,1,301.86,301.86
O00049,C0556,2024-01-02,P030,1,301.86,301.86
O00049,C0556,2024-01-02,P003,2,49.77,99.54
O00050,C0791,2024-01-27,P011,1,215.54,215.54
O00050,C0791,2024-01-27,P023,1,306.62,306.62
O00051,C0074,2024-01-10,P027,2,96.36,192.72
O00052,C0345,2024-01-18,P044,1,142.35,142.35
O00052,C0345,2024-01-18,P019,1,317.52,317.52
O00052,C0345,2024-01-18,P019,1,317.52,317.52
O00053,C0119,2024-01-09,P005,1,76.2,76.2
O00054,C0612,2024-01-18,P045,1,618.02,618.02
O00055,C0022,2024-01-12,P015,4,44.73,178.92
O00056,C0211,2024-01-10,P011,2,215.54,431.08
O00057,C0337,2024-01-14,P008,3,14.18,42.54
O00058,C0302,2024-01-09,P007,2,256.51,513.02
O00059,C0169,2024-01-25,P027,1,96.36,96.36
O00060,C0455,2024-01-10,P009,2,152.01,304.02
O00061,C0759,2024-01-09,P001,3,776.86,2330.58
O00061,C0759,2024-01-09,P004,3,27.36,82.08
O00062,C0061,2024-01-03,P043,3,29.54,88.62
O00063,C0046,2024-01-21,P012,1,91.75,91.75
O00064,C0229,2024-01-23,P002,4,27.35,109.4
O00065,C0401,2024-01-12,P008,1,14.18,14.18
O00065,C0401,2024-01-12,P014,3,9.95,29.85
O00066,C0383,2024-01-04,P032,1,353.08,353.08
O00066,C0383,2024-01-04,P040,1,13.38,13.38
O00067,C0335,2024-01-10,P026,1,32.56,32.56
O00068,C0557,2024-01-09,P042,1,43.3,43.3
O00069,C0293,2024-01-23,P042,1,43.3,43.3
O00070,C0362,2024-01-20,P005,1,76.2,76.2
O00070,C0362,2024-01-20,P012,1,91.75,91.75
O00071,C0091,2024-01-02,P009,1,152.01,152.01
O00071,C0091,2024-01-02,P048,2,188.57,377.14
O00072,C0086,2024-01-03,P017,1,201.22,201.22
O00073,C0605,2024-01-16,P001,4,776.86,3107.44
O00074,C0777,2024-01-08,P025,2,13.87,27.74
O00075,C0100,2024-01-18,P029,2,355.82,711.64
O00075,C0100,2024-01-18,P023,3,306.62,919.86
O00076,C0715,2024-01-06,P012,1,91.75,91.75
O00077,C0699,2024-01-10,P026,4,32.56,130.24
O00077,C0699,2024-01-10,P033,1,616.01,616.01
O00077,C0699,2024-01-10,P010,1,108.97,108.97
O00078,C0430,2024-01-10,P006,1,309.91,309.91
O00079,C0110,2024-01-02,P037,1,303.43,303.43
O00079,C0110,2024-01-02,P006,2,309.91,619.82
O00079,C0110,2024-01-02,P041,3,718.47,2155.41
O00080,C0078,2024-01-27,P035,2,69.79,139.58
O00081,C0677,2024-01-18,P003,2,49.77,99.54
O00081,C0677,2024-01-18,P040,2,13.38,26.76
O00082,C0375,2024-01-10,P010,2,108.97,217.94
O00082,C0375,2024-01-10,P046,2,201.03,402.06
O00083,C0538,2024-02-22,P024,1,135.44,135.44
O00083,C0538,2024-02-22,P008,1,14.18,14.18
O00083,C0538,2024-02-22,P017,2,201.22,402.44
O00084,C0386,2024-02-02,P003,2,49.77,99.54
O00085,C0606,2024-02-17,P030,2,301.86,603.72
O00085,C0606,2024-02-17,P035,2,69.79,139.58
O00086,C0639,2024-02-18,P002,1,27.35,27.35
O00087,C0485,2024-02-03,P014,3,9.95,29.85
O00088,C0444,2024-02-20,P020,1,146.07,146.07
O00089,C0474,2024-02-01,P036,2,527.91,1055.82
O00089,C0474,2024-02-01,P047,1,102.85,102.85
O00090,C0474,2024-02-21,P022,2,363.71,727.42
O00090,C0474,2024-02-21,P018,1,296.36,296.36
O00091,C0416,2024-02-10,P003,1,49.77,49.77
O00092,C0129,2024-02-11,P019,1,317.52,317.52
O00092,C0129,2024-02-11,P025,1,13.87,13.87
O00092,C0129,2024-02-11,P011,3,215.54,646.62
O00093,C0271,2024-02-24,P019,3,317.52,952.56
O00093,C0271,2024-02-24,P028,2,11.25,22.5
O00094,C0089,2024-02-26,P047,1,102.85,102.85
O00095,C0774,2024-02-26,P032,2,353.08,706.16
O00095,C0774,2024-02-26,P026,1,32.56,32.56
O00096,C0598,2024-02-23,P010,2,108.97,217.94
O00097,C0028,2024-02-22,P046,1,201.03,201.03
O00097,C0028,2024-02-22,P041,4,718.47,2873.88
O00098,C0043,2024-02-19,P045,2,618.02,1236.04
O00099,C0705,2024-02-13,P042,1,43.3,43.3
O00100,C0096,2024-02-20,P012,1,91.75,91.75
O00100,C0096,2024-02-20,P002,1,27.35,27.35
O00101,C0182,2024-02-28,P011,2,215.54,431.08
O00102,C0647,2024-02-11,P015,1,44.73,44.73
O00102,C0647,2024-02-11,P044,3,142.35,427.05
O00103,C0040,2024-02-26,P013,2,6.25,12.5
O00103,C0040,2024-02-26,P031,2,319.68,639.36
O00104,C0412,2024-02-20,P002,2,27.35,54.7
O00105,C0767,2024-02-05,P038,1,216.22,216.22
O00106,C0646,2024-02-15,P001,1,776.86,776.86
O00107,C0350,2024-02-24,P012,1,91.75,91.75
O00108,C0038,2024-02-28,P030,1,301.86,301.86
O00109,C0256,2024-02-16,P027,2,96.36,192.72
O00110,C0607,2024-02-27,P027,1,96.36,96.36
O00111,C0555,2024-02-07,P013,1,6.25,6.25
O00112,C0653,2024-02-18,P006,1,309.91,309.91
O00112,C0653,2024-02-18,P036,2,527.91,1055.82
O00113,C0259,2024-02-12,P035,2,69.79,139.58
O00114,C0080,2024-02-03,P048,2,188.57,377.14
O00115,C0513,2024-02-22,P018,2,296.36,592.72
O00115,C0513,2024-02-22,P027,2,96.36,192.72
O00116,C0641,2024-02-25,P007,1,256.51,256.51
O00117,C0741,2024-02-09,P041,1,718.47,718.47
O00118,C0283,2024-02-01,P042,1,43.3,43.3
O00119,C0268,2024-02-06,P022,2,363.71,727.42
O00120,C0510,2024-02-26,P042,1,43.3,43.3
O00120,C0510,2024-02-26,P006,3,309.91,929.73
O00121,C0397,2024-02-03,P045,4,618.02,2472.08
O00122,C0755,2024-02-13,P020,1,146.07,146.07
O00122,C0755,2024-02-13,P034,1,259.38,259.38
O00123,C0603,2024-02-03,P007,1,256.51,256.51
O00124,C0630,2024-02-19,P015,3,44.73,134.19
O00125,C0710,2024-02-15,P024,1,135.44,135.44
O00125,C0710,2024-02-15,P007,1,256.51,256.51
O00126,C0396,2024-02-11,P042,3,43.3,129.9
O00126,C0396,2024-02-11,P017,4,201.22,804.88
O00127,C0702,2024-02-10,P011,2,215.54,431.08
O00127,C0702,2024-02-10,P008,2,14.18,28.36
O00127,C0702,2024-02-10,P021,1,375.86,375.86
O00128,C0048,2024-02-09,P048,1,188.57,188.57
O00129,C0066,2024-02-24,P043,1,29.54,29.54
O00129,C0066,2024-02-24,P009,1,152.01,152.01
O00130,C0343,2024-02-18,P011,1,215.54,215.54
O00130,C0343,2024-02-18,P035,2,69.79,139.58
O00131,C0574,2024-02-28,P028,1,11.25,11.25
O00131,C0574,2024-02-28,P040,2,13.38,26.76
O00132,C0706,2024-02-26,P039,3,257.83,773.49
O00132,C0706,2024-02-26,P004,1,27.36,27.36
O00133,C0795,2024-02-07,P040,1,13.38,13.38
O00133,C0795,2024-02-07,P044,1,142.35,142.35
O00134,C0742,2024-02-12,P028,1,11.25,11.25
O00135,C0252,2024-02-24,P044,1,142.35,142.35
O00136,C0316,2024-02-06,P024,3,135.44,406.32
O00136,C0316,2024-02-06,P030,2,301.86,603.72
O00137,C0057,2024-02-11,P023,1,306.62,306.62
O00138,C0229,2024-02-12,P015,1,44.73,44.73
O00139,C0466,2024-02-04,P023,2,306.62,613.24
O00139,C0466,2024-02-04,P004,3,27.36,82.08
O00140,C0274,2024-02-17,P041,2,718.47,1436.94
O00141,C0533,2024-02-08,P018,2,296.36,592.72
O00141,C0533,2024-02-08,P012,1,91.75,91.75
O00142,C0389,2024-02-15,P019,3,317.52,952.56
O00142,C0389,2024-02-15,P019,4,317.52,1270.08
O00142,C0389,2024-02-15,P024,1,135.44,135.44
O00143,C0700,2024-02-23,P040,1,13.38,13.38
O00144,C0749,2024-02-25,P033,1,616.01,616.01
O00144,C0749,2024-02-25,P026,3,32.56,97.68
O00145,C0448,2024-02-20,P025,1,13.87,13.87
O00146,C0714,2024-02-10,P009,4,152.01,608.04
O00146,C0714,2024-02-10,P004,1,27.36,27.36
O00147,C0198,2024-02-24,P007,1,256.51,256.51
O00147,C0198,2024-02-24,P016,4,30.4,121.6
O00148,C0403,2024-02-12,P001,1,776.86,776.86
O00149,C0739,2024-02-23,P033,1,616.01,616.01
O00150,C0329,2024-02-08,P036,1,527.91,527.91
O00150,C0329,2024-02-08,P008,3,14.18,42.54
O00151,C0315,2024-02-26,P001,2,776.86,1553.72
O00152,C0028,2024-02-10,P029,1,355.82,355.82
O00153,C0369,2024-02-02,P026,2,32.56,65.12
O00153,C0369,2024-02-02,P048,3,188.57,565.71
O00154,C0075,2024-02-15,P009,1,152.01,152.01
O00154,C0075,2024-02-15,P023,1,306.62,306.62
O00155,C0627,2024-02-22,P009,1,152.01,152.01
O00156,C0757,2024-02-07,P026,1,32.56,32.56
O00156,C0757,2024-02-07,P041,3,718.47,2155.41
O00157,C0325,2024-02-23,P025,2,13.87,27.74
O00157,C0325,2024-02-23,P034,1,259.38,259.38
O00158,C0350,2024-02-19,P030,1,301.86,301.86
O00158,C0350,2024-02-19,P005,1,76.2,76.2
O00158,C0350,2024-02-19,P029,1,355.82,355.82
O00159,C0756,2024-02-03,P033,4,616.01,2464.04
O00159,C0756,2024-02-03,P014,2,9.95,19.9
O00160,C0130,2024-02-07,P043,2,29.54,59.08
O00161,C0482,2024-02-10,P027,1,96.36,96.36
O00161,C0482,2024-02-10,P025,1,13.87,13.87
O00162,C0381,2024-02-04,P005,1,76.2,76.2
O00163,C0511,2024-02-09,P011,2,215.54,431.08
O00163,C0511,2024-02-09,P035,4,69.79,279.16
O00164,C0432,2024-02-13,P019,1,317.52,317.52
O00164,C0432,2024-02-13,P023,4,306.62,1226.48
O00165,C0592,2024-02-23,P041,2,718.47,1436.94
O00166,C0681,2024-02-10,P037,4,303.43,1213.72
O00166,C0681,2024-02-10,P037,1,303.43,303.43
O00167,C0488,2024-02-02,P030,1,301.86,301.86
O00168,C0096,2024-02-18,P016,1,30.4,30.4
O00168,C0096,2024-02-18,P044,1,142.35,142.35
O00169,C0133,2024-02-06,P042,1,43.3,43.3
O00169,C0133,2024-02-06,P022,2,363.71,727.42
O00170,C0023,2024-02-15,P014,1,9.95,9.95
O00171,C0087,2024-02-26,P033,1,616.01,616.01
O00172,C0544,2024-02-25,P046,2,201.03,402.06
O00172,C0544,2024-02-25,P003,1,49.77,49.77
O00172,C0544,2024-02-25,P023,3,306.62,919.86
O00173,C0418,2024-02-21,P042,1,43.3,43.3
O00174,C0361,2024-02-06,P040,2,13.38,26.76
O00174,C0361,2024-02-06,P046,1,201.03,201.03
O00175,C0520,2024-02-15,P018,2,296.36,592.72
O00176,C0305,2024-02-13,P037,1,303.43,303.43
O00177,C0197,2024-02-11,P029,1,355.82,355.82
O00178,C0061,2024-02-22,P030,1,301.86,301.86
O00179,C0305,2024-02-09,P040,2,13.38,26.76
O00180,C0219,2024-02-27,P046,2,201.03,402.06
O00180,C0219,2024-02-27,P021,1,375.86,375.86
O00181,C0548,2024-03-15,P026,1,32.56,32.56
O00182,C0084,2024-03-24,P006,2,309.91,619.82
O00183,C0240,2024-03-27,P037,1,303.43,303.43
O00184,C0498,2024-03-01,P001,1,776.86,776.86
O00185,C0705,2024-03-07,P007,1,256.51,256.51
O00186,C0322,2024-03-16,P001,1,776.86,776.86
O00187,C0252,2024-03-16,P023,1,306.62,306.62
O00188,C0439,2024-03-12,P002,1,27.35,27.35
O00188,C0439,2024-03-12,P034,1,259.38,259.38
O00188,C0439,2024-03-12,P007,4,256.51,1026.04
O00189,C0456,2024-03-18,P027,1,96.36,96.36
O00190,C0790,2024-03-11,P047,2,102.85,205.7
O00191,C0451,2024-03-12,P021,1,375.86,375.86
O00192,C0745,2024-03-12,P048,2,188.57,377.14
O00193,C0240,2024-03-28,P020,2,146.07,292.14
O00194,C0739,2024-03-18,P034,1,259.38,259.38
O00195,C0122,2024-03-19,P016,1,30.4,30.4
O00196,C0124,2024-03-08,P042,2,43.3,86.6
O00197,C0623,2024-03-28,P042,2,43.3,86.6
O00198,C0129,2024-03-17,P003,2,49.77,99.54
O00199,C0330,2024-03-17,P017,2,201.22,402.44
O00200,C0558,2024-03-17,P010,3,108.97,326.91
O00201,C0740,2024-03-19,P036,1,527.91,527.91
O00202,C0258,2024-03-26,P012,4,91.75,367.0
O00203,C0667,2024-03-07,P048,1,188.57,188.57
O00203,C0667,2024-03-07,P009,1,152.01,152.01
O00204,C0101,2024-03-10,P002,3,27.35,82.05
O00204,C0101,2024-03-10,P046,1,201.03,201.03
O00205,C0075,2024-03-22,P023,1,306.62,306.62
O00206,C0731,2024-03-06,P017,1,201.22,201.22
O00207,C0261,2024-03-07,P008,4,14.18,56.72
O00207,C0261,2024-03-07,P039,1,257.83,257.83
O00207,C0261,2024-03-07,P036,1,527.91,527.91
O00208,C0474,2024-03-26,P027,1,96.36,96.36
O00209,C0128,2024-03-17,P013,2,6.25,12.5
O00210,C0376,2024-03-08,P007,1,256.51,256.51
O00210,C0376,2024-03-08,P020,2,146.07,292.14
O00210,C0376,2024-03-08,P040,2,13.38,26.76
O00211,C0175,2024-03-21,P009,1,152.01,152.01
O00211,C0175,2024-03-21,P030,1,301.86,301.86
O00212,C0575,2024-03-17,P036,1,527.91,527.91
O00213,C0194,2024-03-27,P027,2,96.36,192.72
O00214,C0484,2024-03-23,P007,1,256.51,256.51
O00214,C0484,2024-03-23,P015,2,44.73,89.46
O00215,C0040,2024-03-14,P007,4,256.51,1026.04
O00215,C0040,2024-03-14,P011,1,215.54,215.54
O00216,C0496,2024-03-24,P023,2,306.62,613.24
O00217,C0196,2024-03-02,P005,2,76.2,152.4
O00217,C0196,2024-03-02,P026,1,32.56,32.56
O00218,C0089,2024-03-22,P037,3,303.43,910.29
O00219,C0391,2024-03-22,P026,2,32.56,65.12
O00219,C0391,2024-03-22,P014,4,9.95,39.8
O00220,C0200,2024-03-03,P021,1,375.86,375.86
O00221,C0188,2024-03-10,P036,2,527.91,1055.82
O00222,C0141,2024-03-09,P019,3,317.52,952.56
O00223,C0214,2024-03-01,P029,2,355.82,711.64
O00224,C0303,2024-03-02,P019,4,317.52,1270.08
O00225,C0185,2024-03-04,P034,1,259.38,259.38
O00226,C0242,2024-03-06,P044,4,142.35,569.4
O00226,C0242,2024-03-06,P019,2,317.52,635.04
O00227,C0356,2024-03-13,P011,1,215.54,215.54
O00227,C0356,2024-03-13,P047,2,102.85,205.7
O00228,C0545,2024-03-26,P010,1,108.97,108.97
O00229,C0710,2024-03-24,P032,2,353.08,706.16
O00229,C0710,2024-03-24,P042,2,43.3,86.6
O00230,C0397,2024-03-06,P008,1,14.18,14.18
O00231,C0185,2024-03-17,P007,3,256.51,769.53
O00232,C0196,2024-03-09,P018,1,296.36,296.36
O00233,C0521,2024-03-06,P004,1,27.36,27.36
O00233,C0521,2024-03-06,P022,4,363.71,1454.84
O00234,C0056,2024-03-23,P005,3,76.2,228.6
O00234,C0056,2024-03-23,P042,1,43.3,43.3
O00235,C0006,2024-03-18,P038,1,216.22,216.22
O00236,C0214,2024-03-07,P006,2,309.91,619.82
O00236,C0214,2024-03-07,P040,1,13.38,13.38
O00237,C0609,2024-03-27,P010,1,108.97,108.97
O00238,C0640,2024-03-26,P009,3,152.01,456.03
O00238,C0640,2024-03-26,P044,4,142.35,569.4
O00239,C0104,2024-03-14,P013,1,6.25,6.25
O00240,C0067,2024-03-18,P013,4,6.25,25.0
O00241,C0178,2024-03-06,P034,2,259.38,518.76
O00241,C0178,2024-03-06,P037,2,303.43,606.86
O00241,C0178,2024-03-06,P028,2,11.25,22.5
O00242,C0266,2024-03-13,P009,1,152.01,152.01
O00242,C0266,2024-03-13,P033,2,616.01,1232.02
O00242,C0266,2024-03-13,P013,2,6.25,12.5
O00243,C0004,2024-03-13,P008,2,14.18,28.36
O00243,C0004,2024-03-13,P008,1,14.18,14.18
O00244,C0799,2024-03-08,P045,1,618.02,618.02
O00245,C0266,2024-03-23,P022,1,363.71,363.71
O00246,C0221,2024-03-16,P030,4,301.86,1207.44
O00247,C0552,2024-03-04,P021,1,375.86,375.86
O00247,C0552,2024-03-04,P034,2,259.38,518.76
O00247,C0552,2024-03-04,P003,2,49.77,99.54
O00248,C0457,2024-03-24,P004,1,27.36,27.36
O00249,C0622,2024-03-01,P015,4,44.73,178.92
O00250,C0057,2024-03-02,P020,2,146.07,292.14
O00250,C0057,2024-03-02,P031,2,319.68,639.36
O00251,C0119,2024-03-25,P017,2,201.22,402.44
O00252,C0001,2024-03-09,P017,1,201.22,201.22
O00253,C0387,2024-03-10,P041,3,718.47,2155.41
O00254,C0046,2024-03-14,P015,4,44.73,178.92
O00254,C0046,2024-03-14,P046,2,201.03,402.06
O00254,C0046,2024-03-14,P007,2,256.51,513.02
O00255,C0052,2024-03-20,P004,1,27.36,27.36
O00256,C0151,2024-03-23,P029,2,355.82,711.64
O00256,C0151,2024-03-23,P009,4,152.01,608.04
O00256,C0151,2024-03-23,P035,2,69.79,139.58
O00257,C0273,2024-03-02,P036,1,527.91,527.91
O00257,C0273,2024-03-02,P018,1,296.36,296.36
O00258,C0500,2024-03-27,P040,1,13.38,13.38
O00259,C0394,2024-03-01,P003,2,49.77,99.54
O00260,C0117,2024-03-25,P028,1,11.25,11.25
O00261,C0231,2024-03-18,P002,2,27.35,54.7
O00262,C0173,2024-03-19,P013,1,6.25,6.25
O00263,C0445,2024-03-16,P008,2,14.18,28.36
O00263,C0445,2024-03-16,P015,3,44.73,134.19
O00263,C0445,2024-03-16,P045,2,618.02,1236.04
O00264,C0421,2024-03-26,P005,1,76.2,76.2
O00265,C0003,2024-03-06,P006,1,309.91,309.91
O00266,C0140,2024-03-20,P047,1,102.85,102.85
O00266,C0140,2024-03-20,P029,2,355.82,711.64
O00267,C0204,2024-03-10,P040,1,13.38,13.38
O00268,C0225,2024-03-24,P014,2,9.95,19.9
O00268,C0225,2024-03-24,P014,1,9.95,9.95
O00269,C0557,2024-03-23,P039,1,257.83,257.83
O00269,C0557,2024-03-23,P015,1,44.73,44.73
O00270,C0519,2024-03-05,P022,1,363.71,363.71
O00271,C0294,2024-03-03,P001,4,776.86,3107.44
O00272,C0107,2024-03-07,P014,1,9.95,9.95
O00273,C0527,2024-03-26,P035,1,69.79,69.79
O00274,C0736,2024-03-04,P006,1,309.91,309.91
O00275,C0226,2024-03-23,P015,4,44.73,178.92
O00275,C0226,2024-03-23,P023,2,306.62,613.24
O00276,C0331,2024-03-08,P033,3,616.01,1848.03
O00277,C0030,2024-03-03,P005,2,76.2,152.4
O00278,C0156,2024-03-02,P008,1,14.18,14.18
O00279,C0557,2024-03-01,P023,1,306.62,306.62
O00280,C0400,2024-03-06,P017,1,201.22,201.22
O00280,C0400,2024-03-06,P046,4,201.03,804.12
O00281,C0251,2024-03-17,P034,2,259.38,518.76
O00281,C0251,2024-03-17,P035,3,69.79,209.37
O00282,C0144,2024-03-14,P007,1,256.51,256.51
O00283,C0260,2024-03-18,P032,1,353.08,353.08
O00284,C0083,2024-03-03,P041,2,718.47,1436.94
O00285,C0511,2024-03-04,P021,1,375.86,375.86
O00286,C0371,2024-03-10,P035,1,69.79,69.79
O00286,C0371,2024-03-10,P028,1,11.25,11.25
O00287,C0009,2024-03-28,P046,1,201.03,201.03
O00287,C0009,2024-03-28,P024,1,135.44,135.44
O00288,C0109,2024-03-27,P022,4,363.71,1454.84
O00289,C0205,2024-03-03,P035,1,69.79,69.79
O00290,C0165,2024-03-01,P016,4,30.4,121.6
O00291,C0058,2024-03-23,P045,2,618.02,1236.04
O00292,C0350,2024-03-09,P010,1,108.97,108.97
O00293,C0590,2024-03-03,P005,1,76.2,76.2
O00294,C0779,2024-03-13,P007,2,256.51,513.02
O00294,C0779,2024-03-13,P039,3,257.83,773.49
O00295,C0746,2024-03-12,P043,1,29.54,29.54
O00295,C0746,2024-03-12,P025,4,13.87,55.48
O00296,C0387,2024-03-08,P004,1,27.36,27.36
O00297,C0195,2024-04-10,P026,1,32.56,32.56
O00297,C0195,2024-04-10,P044,1,142.35,142.35
O00298,C0417,2024-04-21,P040,1,13.38,13.38
O00299,C0559,2024-04-15,P040,2,13.38,26.76
O00299,C0559,2024-04-15,P039,2,257.83,515.66
O00300,C0264,2024-04-11,P026,1,32.56,32.56
O00301,C0093,2024-04-01,P016,1,30.4,30.4
O00302,C0452,2024-04-16,P028,2,11.25,22.5
O00303,C0543,2024-04-25,P016,2,30.4,60.8
O00304,C0691,2024-04-17,P034,2,259.38,518.76
O00305,C0265,2024-04-10,P032,1,353.08,353.08
O00306,C0002,2024-04-25,P042,1,43.3,43.3
O00307,C0685,2024-04-11,P025,1,13.87,13.87
O00308,C0527,2024-04-26,P015,1,44.73,44.73
O00309,C0764,2024-04-04,P042,2,43.3,86.6
O00309,C0764,2024-04-04,P025,2,13.87,27.74
O00309,C0764,2024-04-04,P010,1,108.97,108.97
O00310,C0752,2024-04-27,P007,1,256.51,256.51
O00311,C0215,2024-04-12,P034,1,259.38,259.38
O00311,C0215,2024-04-12,P012,4,91.75,367.0
O00311,C0215,2024-04-12,P036,1,527.91,527.91
O00312,C0584,2024-04-04,P023,1,306.62,306.62
O00312,C0584,2024-04-04,P032,3,353.08,1059.24
O00313,C0353,2024-04-15,P003,3,49.77,149.31
O00313,C0353,2024-04-15,P043,1,29.54,29.54
O00313,C0353,2024-04-15,P018,1,296.36,296.36
O00314,C0202,2024-04-21,P005,1,76.2,76.2
O00314,C0202,2024-04-21,P026,1,32.56,32.56
O00315,C0409,2024-04-14,P015,2,44.73,89.46
O00316,C0052,2024-04-23,P004,3,27.36,82.08
O00317,C0681,2024-04-14,P017,1,201.22,201.22
O00317,C0681,2024-04-14,P017,1,201.22,201.22
O00318,C0124,2024-04-19,P005,4,76.2,304.8
O00318,C0124,2024-04-19,P021,2,375.86,751.72
O00319,C0658,2024-04-06,P027,1,96.36,96.36
O00319,C0658,2024-04-06,P036,2,527.91,1055.82
O00319,C0658,2024-04-06,P004,1,27.36,27.36
O00320,C0355,2024-04-10,P029,1,355.82,355.82
O00321,C0477,2024-04-22,P010,1,108.97,108.97
O00322,C0082,2024-04-25,P001,2,776.86,1553.72
O00323,C0544,2024-04-08,P016,2,30.4,60.8
O00323,C0544,2024-04-08,P040,1,13.38,13.38
O00324,C0448,2024-04-01,P002,2,27.35,54.7
O00324,C0448,2024-04-01,P015,3,44.73,134.19
O00324,C0448,2024-04-01,P046,1,201.03,201.03
O00325,C0064,2024-04-23,P023,1,306.62,306.62
O00326,C0632,2024-04-11,P014,2,9.95,19.9
O00326,C0632,2024-04-11,P004,1,27.36,27.36
O00327,C0496,2024-04-14,P015,1,44.73,44.73
O00327,C0496,2024-04-14,P025,2,13.87,27.74
O00327,C0496,2024-04-14,P022,1,363.71,363.71
O00328,C0301,2024-04-16,P039,3,257.83,773.49
O00329,C0662,2024-04-05,P045,1,618.02,618.02
O00330,C0273,2024-04-20,P044,2,142.35,284.7
O00330,C0273,2024-04-20,P028,2,11.25,22.5
O00331,C0175,2024-04-19,P038,1,216.22,216.22
O00331,C0175,2024-04-19,P011,2,215.54,431.08
O00332,C0795,2024-04-01,P026,1,32.56,32.56
O00332,C0795,2024-04-01,P030,3,301.86,905.58
O00333,C0185,2024-04-21,P017,3,201.22,603.66
O00333,C0185,2024-04-21,P019,1,317.52,317.52
O00334,C0776,2024-04-16,P030,2,301.86,603.72
O00335,C0516,2024-04-01,P028,3,11.25,33.75
O00336,C0490,2024-04-20,P025,2,13.87,27.74
O00337,C0768,2024-04-04,P048,3,188.57,565.71
O00337,C0768,2024-04-04,P043,2,29.54,59.08
O00337,C0768,2024-04-04,P037,1,303.43,303.43
O00338,C0057,2024-04-16,P026,3,32.56,97.68
O00338,C0057,2024-04-16,P026,1,32.56,32.56
O00339,C0477,2024-04-11,P048,1,188.57,188.57
O00340,C0346,2024-04-27,P008,1,14.18,14.18
O00340,C0346,2024-04-27,P024,1,135.44,135.44
O00341,C0039,2024-04-01,P023,2,306.62,613.24
O00342,C0239,2024-04-23,P035,1,69.79,69.79
O00343,C0474,2024-04-07,P015,1,44.73,44.73
O00343,C0474,2024-04-07,P026,1,32.56,32.56
O00344,C0709,2024-04-04,P016,1,30.4,30.4
O00345,C0780,2024-04-28,P012,3,91.75,275.25
O00346,C0682,2024-04-19,P027,1,96.36,96.36
O00347,C0225,2024-04-09,P046,4,201.03,804.12
O00347,C0225,2024-04-09,P024,2,135.44,270.88
O00348,C0343,2024-04-15,P030,3,301.86,905.58
O00348,C0343,2024-04-15,P025,1,13.87,13.87
O00349,C0235,2024-04-28,P038,1,216.22,216.22
O00349,C0235,2024-04-28,P042,3,43.3,129.9
O00350,C0180,2024-04-09,P048,1,188.57,188.57
O00350,C0180,2024-04-09,P007,1,256.51,256.51
O00351,C0226,2024-04-10,P007,1,256.51,256.51
O00352,C0657,2024-04-21,P036,2,527.91,1055.82
O00353,C0501,2024-04-23,P029,3,355.82,1067.46
O00354,C0578,2024-04-26,P039,1,257.83,257.83
O00355,C0597,2024-04-22,P022,1,363.71,363.71
O00356,C0644,2024-04-07,P039,1,257.83,257.83
O00357,C0381,2024-04-28,P036,4,527.91,2111.64
O00357,C0381,2024-04-28,P043,1,29.54,29.54
O00358,C0546,2024-04-09,P001,1,776.86,776.86
O00359,C0401,2024-04-13,P045,1,618.02,618.02
O00360,C0198,2024-04-07,P013,2,6.25,12.5
O00361,C0181,2024-04-12,P016,3,30.4,91.2
O00362,C0734,2024-04-17,P022,1,363.71,363.71
O00362,C0734,2024-04-17,P018,1,296.36,296.36
O00363,C0228,2024-04-27,P012,1,91.75,91.75
O00363,C0228,2024-04-27,P014,3,9.95,29.85
O00364,C0323,2024-04-19,P038,2,216.22,432.44
O00365,C0709,2024-04-26,P031,1,319.68,319.68
O00366,C0603,2024-04-28,P038,2,216.22,432.44
O00367,C0333,2024-04-09,P003,1,49.77,49.77
O00367,C0333,2024-04-09,P013,1,6.25,6.25
O00368,C0644,2024-04-19,P014,3,9.95,29.85
O00369,C0527,2024-04-05,P033,1,616.01,616.01
O00370,C0605,2024-04-07,P019,3,317.52,952.56
O00371,C0611,2024-04-09,P044,1,142.35,142.35
O00372,C0248,2024-04-22,P016,1,30.4,30.4
O00373,C0712,2024-04-12,P026,1,32.56,32.56
O00373,C0712,2024-04-12,P003,3,49.77,149.31
O00374,C0382,2024-04-25,P019,1,317.52,317.52
O00374,C0382,2024-04-25,P012,1,91.75,91.75
O00375,C0268,2024-04-04,P006,1,309.91,309.91
O00376,C0461,2024-04-24,P030,1,301.86,301.86
O00377,C0740,2024-04-23,P018,2,296.36,592.72
O00377,C0740,2024-04-23,P016,1,30.4,30.4
O00378,C0702,2024-04-02,P001,1,776.86,776.86
O00378,C0702,2024-04-02,P009,1,152.01,152.01
O00379,C0073,2024-04-06,P029,4,355.82,1423.28
O00380,C0279,2024-04-17,P030,1,301.86,301.86
O00381,C0190,2024-04-17,P038,2,216.22,432.44
O00382,C0435,2024-04-28,P021,1,375.86,375.86
O00383,C0387,2024-04-01,P036,1,527.91,527.91
O00384,C0707,2024-04-12,P028,1,11.25,11.25
O00384,C0707,2024-04-12,P004,1,27.36,27.36
O00385,C0123,2024-04-07,P033,2,616.01,1232.02
O00386,C0574,2024-04-25,P046,2,201.03,402.06
O00386,C0574,2024-04-25,P048,3,188.57,565.71
O00387,C0719,2024-04-24,P020,4,146.07,584.28
O00387,C0719,2024-04-24,P039,1,257.83,257.83
O00388,C0133,2024-04-18,P033,1,616.01,616.01
O00389,C0681,2024-04-21,P040,4,13.38,53.52
O00389,C0681,2024-04-21,P030,2,301.86,603.72
O00390,C0200,2024-04-03,P037,3,303.43,910.29
O00390,C0200,2024-04-03,P022,2,363.71,727.42
O00390,C0200,2024-04-03,P028,1,11.25,11.25
O00391,C0584,2024-04-28,P023,2,306.62,613.24
O00392,C0580,2024-04-23,P022,1,363.71,363.71
O00393,C0022,2024-04-24,P001,2,776.86,1553.72
O00394,C0073,2024-04-06,P013,1,6.25,6.25
O00394,C0073,2024-04-06,P028,1,11.25,11.25
O00395,C0161,2024-04-21,P025,2,13.87,27.74
O00396,C0505,2024-04-14,P024,1,135.44,135.44
O00397,C0210,2024-04-01,P045,4,618.02,2472.08
O00398,C0382,2024-04-10,P016,1,30.4,30.4
O00399,C0199,2024-04-12,P038,1,216.22,216.22
O00400,C0178,2024-04-19,P032,4,353.08,1412.32
O00400,C0178,2024-04-19,P046,2,201.03,402.06
O00401,C0530,2024-04-23,P018,2,296.36,592.72
O00401,C0530,2024-04-23,P024,1,135.44,135.44
O00402,C0648,2024-04-22,P032,3,353.08,1059.24
O00402,C0648,2024-04-22,P005,4,76.2,304.8
O00402,C0648,2024-04-22,P021,1,375.86,375.86
O00403,C0181,2024-04-20,P045,1,618.02,618.02
O00403,C0181,2024-04-20,P045,2,618.02,1236.04
O00403,C0181,2024-04-20,P017,1,201.22,201.22
O00404,C0550,2024-04-10,P040,2,13.38,26.76
O00405,C0123,2024-04-04,P032,2,353.08,706.16
O00405,C0123,2024-04-04,P031,1,319.68,319.68
O00406,C0333,2024-04-04,P001,1,776.86,776.86
O00407,C0406,2024-04-05,P003,2,49.77,99.54
O00408,C0126,2024-04-23,P031,2,319.68,639.36
O00408,C0126,2024-04-23,P045,1,618.02,618.02
O00408,C0126,2024-04-23,P028,2,11.25,22.5
O00409,C0178,2024-04-02,P015,1,44.73,44.73
O00410,C0313,2024-04-03,P014,3,9.95,29.85
O00410,C0313,2024-04-03,P031,2,319.68,639.36
O00411,C0615,2024-04-03,P026,2,32.56,65.12
O00412,C0295,2024-04-16,P007,4,256.51,1026.04
O00413,C0263,2024-04-18,P030,2,301.86,603.72
O00414,C0628,2024-04-12,P014,1,9.95,9.95
O00415,C0233,2024-04-20,P033,2,616.01,1232.02
O00416,C0350,2024-04-08,P042,2,43.3,86.6
O00416,C0350,2024-04-08,P031,2,319.68,639.36
O00417,C0034,2024-04-27,P018,2,296.36,592.72
O00418,C0586,2024-04-15,P012,1,91.75,91.75
O00419,C0406,2024-04-08,P041,2,718.47,1436.94
O00420,C0313,2024-04-08,P011,1,215.54,215.54
O00420,C0313,2024-04-08,P033,1,616.01,616.01
O00421,C0565,2024-04-01,P023,2,306.62,613.24
O00422,C0007,2024-04-10,P027,2,96.36,192.72
O00422,C0007,2024-04-10,P016,1,30.4,30.4
O00422,C0007,2024-04-10,P008,1,14.18,14.18
O00423,C0497,2024-04-04,P018,1,296.36,296.36
O00424,C0654,2024-04-04,P031,1,319.68,319.68
O00424,C0654,2024-04-04,P020,4,146.07,584.28
O00424,C0654,2024-04-04,P007,1,256.51,256.51
O00425,C0016,2024-04-10,P035,2,69.79,139.58
O00425,C0016,2024-04-10,P043,4,29.54,118.16
O00425,C0016,2024-04-10,P023,1,306.62,306.62
O00426,C0463,2024-04-28,P040,1,13.38,13.38
O00426,C0463,2024-04-28,P045,1,618.02,618.02
O00427,C0675,2024-04-19,P035,4,69.79,279.16
O00428,C0419,2024-04-27,P030,1,301.86,301.86
O00429,C0698,2024-04-04,P021,3,375.86,1127.58
O00430,C0115,2024-05-07,P026,2,32.56,65.12
O00431,C0078,2024-05-23,P026,3,32.56,97.68
O00431,C0078,2024-05-23,P027,1,96.36,96.36
O00432,C0024,2024-05-14,P014,1,9.95,9.95
O00432,C0024,2024-05-14,P019,1,317.52,317.52
O00433,C0324,2024-05-15,P019,1,317.52,317.52
O00434,C0529,2024-05-14,P011,1,215.54,215.54
O00434,C0529,2024-05-14,P014,1,9.95,9.95
O00435,C0739,2024-05-09,P027,3,96.36,289.08
O00436,C0080,2024-05-04,P032,2,353.08,706.16
O00436,C0080,2024-05-04,P026,1,32.56,32.56
O00436,C0080,2024-05-04,P034,1,259.38,259.38
O00437,C0029,2024-05-02,P013,2,6.25,12.5
O00438,C0324,2024-05-14,P018,1,296.36,296.36
O00439,C0059,2024-05-23,P010,1,108.97,108.97
O00440,C0171,2024-05-25,P036,3,527.91,1583.73
O00441,C0073,2024-05-24,P015,4,44.73,178.92
O00442,C0506,2024-05-27,P006,2,309.91,619.82
O00442,C0506,2024-05-27,P004,4,27.36,109.44
O00443,C0107,2024-05-27,P003,1,49.77,49.77
O00444,C0317,2024-05-15,P007,1,256.51,256.51
O00444,C0317,2024-05-15,P045,1,618.02,618.02
O00445,C0276,2024-05-12,P024,1,135.44,135.44
O00446,C0056,2024-05-05,P028,1,11.25,11.25
O00446,C0056,2024-05-05,P007,1,256.51,256.51
O00446,C0056,2024-05-05,P028,1,11.25,11.25
O00447,C0062,2024-05-26,P003,1,49.77,49.77
O00448,C0774,2024-05-19,P029,2,355.82,711.64
O00449,C0353,2024-05-06,P012,1,91.75,91.75
O00450,C0348,2024-05-07,P004,4,27.36,109.44
O00451,C0793,2024-05-25,P048,1,188.57,188.57
O00452,C0673,2024-05-10,P012,1,91.75,91.75
O00453,C0012,2024-05-24,P022,1,363.71,363.71
O00454,C0517,2024-05-21,P046,1,201.03,201.03
O00455,C0682,2024-05-09,P026,1,32.56,32.56
O00456,C0638,2024-05-05,P012,1,91.75,91.75
O00457,C0490,2024-05-28,P009,1,152.01,152.01
O00457,C0490,2024-05-28,P021,1,375.86,375.86
O00457,C0490,2024-05-28,P028,1,11.25,11.25
O00458,C0650,2024-05-13,P016,1,30.4,30.4
O00459,C0578,2024-05-28,P010,3,108.97,326.91
O00460,C0587,2024-05-23,P021,2,375.86,751.72
O00460,C0587,2024-05-23,P032,1,353.08,353.08
O00460,C0587,2024-05-23,P032,1,353.08,353.08
O00461,C0725,2024-05-06,P018,1,296.36,296.36
O00461,C0725,2024-05-06,P039,1,257.83,257.83
O00462,C0100,2024-05-19,P016,1,30.4,30.4
O00462,C0100,2024-05-19,P003,1,49.77,49.77
O00463,C0658,2024-05-15,P037,4,303.43,1213.72
O00464,C0601,2024-05-14,P032,1,353.08,353.08
O00465,C0194,2024-05-10,P018,4,296.36,1185.44
O00465,C0194,2024-05-10,P009,1,152.01,152.01
O00466,C0536,2024-05-14,P022,3,363.71,1091.13
O00466,C0536,2024-05-14,P009,4,152.01,608.04
O00467,C0235,2024-05-04,P019,4,317.52,1270.08
O00467,C0235,2024-05-04,P036,1,527.91,527.91
O00468,C0563,2024-05-13,P029,2,355.82,711.64
O00469,C0526,2024-05-08,P040,1,13.38,13.38
O00469,C0526,2024-05-08,P044,1,142.35,142.35
O00470,C0323,2024-05-19,P048,1,188.57,188.57
O00471,C0140,2024-05-23,P020,2,146.07,292.14
O00471,C0140,2024-05-23,P003,1,49.77,49.77
O00472,C0125,2024-05-05,P018,2,296.36,592.72
O00473,C0086,2024-05-09,P043,1,29.54,29.54
O00474,C0739,2024-05-01,P030,1,301.86,301.86
O00475,C0382,2024-05-03,P028,1,11.25,11.25
O00475,C0382,2024-05-03,P041,1,718.47,718.47
O00476,C0161,2024-05-10,P008,2,14.18,28.36
O00477,C0498,2024-05-15,P044,2,142.35,284.7
O00478,C0352,2024-05-16,P016,1,30.4,30.4
O00479,C0726,2024-05-27,P035,3,69.79,209.37
O00479,C0726,2024-05-27,P024,1,135.44,135.44
O00480,C0415,2024-05-18,P040,1,13.38,13.38
O00480,C0415,2024-05-18,P017,1,201.22,201.22
O00481,C0615,2024-05-25,P029,1,355.82,355.82
O00481,C0615,2024-05-25,P026,4,32.56,130.24
O00482,C0387,2024-05-16,P039,1,257.83,257.83
O00482,C0387,2024-05-16,P021,1,375.86,375.86
O00483,C0798,2024-05-02,P025,2,13.87,27.74
O00484,C0414,2024-05-26,P038,1,216.22,216.22
O00484,C0414,2024-05-26,P031,1,319.68,319.68
O00485,C0115,2024-05-15,P006,3,309.91,929.73
O00486,C0403,2024-05-22,P035,1,69.79,69.79
O00486,C0403,2024-05-22,P001,1,776.86,776.86
O00487,C0424,2024-05-02,P019,1,317.52,317.52
O00488,C0048,2024-05-01,P038,1,216.22,216.22
O00488,C0048,2024-05-01,P021,1,375.86,375.86
O00489,C0393,2024-05-16,P023,2,306.62,613.24
O00490,C0380,2024-05-02,P001,1,776.86,776.86
O00490,C0380,2024-05-02,P033,1,616.01,616.01
O00490,C0380,2024-05-02,P022,1,363.71,363.71
O00491,C0511,2024-05-08,P016,2,30.4,60.8
O00491,C0511,2024-05-08,P020,1,146.07,146.07
O00492,C0571,2024-05-01,P020,1,146.07,146.07
O00493,C0430,2024-05-25,P047,4,102.85,411.4
O00493,C0430,2024-05-25,P013,2,6.25,12.5
O00494,C0237,2024-05-04,P027,4,96.36,385.44
O00495,C0747,2024-05-19,P009,1,152.01,152.01
O00495,C0747,2024-05-19,P035,2,69.79,139.58
O00496,C0278,2024-05-14,P047,1,102.85,102.85
O00496,C0278,2024-05-14,P039,1,257.83,257.83
O00496,C0278,2024-05-14,P009,1,152.01,152.01
O00497,C0056,2024-05-07,P004,2,27.36,54.72
O00497,C0056,2024-05-07,P030,1,301.86,301.86
O00498,C0669,2024-05-28,P025,3,13.87,41.61
O00499,C0539,2024-05-05,P033,3,616.01,1848.03
O00500,C0165,2024-05-24,P006,2,309.91,619.82
O00501,C0733,2024-05-22,P033,1,616.01,616.01
O00502,C0050,2024-05-21,P010,1,108.97,108.97
O00502,C0050,2024-05-21,P004,1,27.36,27.36
O00503,C0360,2024-05-16,P028,2,11.25,22.5
O00504,C0271,2024-05-02,P013,1,6.25,6.25
O00504,C0271,2024-05-02,P033,1,616.01,616.01
O00504,C0271,2024-05-02,P036,1,527.91,527.91
O00505,C0268,2024-05-24,P011,2,215.54,431.08
O00505,C0268,2024-05-24,P043,2,29.54,59.08
O00506,C0142,2024-05-12,P013,1,6.25,6.25
O00506,C0142,2024-05-12,P023,2,306.62,613.24
O00506,C0142,2024-05-12,P036,1,527.91,527.91
O00507,C0447,2024-05-05,P039,1,257.83,257.83
O00508,C0695,2024-05-18,P032,3,353.08,1059.24
O00508,C0695,2024-05-18,P007,1,256.51,256.51
O00509,C0382,2024-05-15,P035,3,69.79,209.37
O00510,C0250,2024-05-01,P029,1,355.82,355.82
O00511,C0641,2024-05-08,P008,1,14.18,14.18
O00512,C0013,2024-05-24,P041,1,718.47,718.47
O00513,C0025,2024-05-15,P046,4,201.03,804.12
O00514,C0584,2024-05-25,P025,2,13.87,27.74
O00515,C0654,2024-05-20,P025,3,13.87,41.61
O00516,C0445,2024-05-23,P025,1,13.87,13.87
O00516,C0445,2024-05-23,P048,3,188.57,565.71
O00517,C0562,2024-05-25,P043,1,29.54,29.54
O00518,C0034,2024-05-27,P042,2,43.3,86.6
O00519,C0774,2024-05-01,P007,1,256.51,256.51
O00520,C0493,2024-05-02,P044,3,142.35,427.05
O00521,C0798,2024-05-07,P044,1,142.35,142.35
O00521,C0798,2024-05-07,P030,1,301.86,301.86
O00521,C0798,2024-05-07,P010,2,108.97,217.94
O00522,C0060,2024-05-15,P039,1,257.83,257.83
O00523,C0140,2024-05-17,P015,1,44.73,44.73
O00524,C0551,2024-05-08,P035,1,69.79,69.79
O00524,C0551,2024-05-08,P035,1,69.79,69.79
O00524,C0551,2024-05-08,P001,2,776.86,1553.72
O00525,C0144,2024-05-10,P001,1,776.86,776.86
O00525,C0144,2024-05-10,P031,2,319.68,639.36
O00525,C0144,2024-05-10,P012,3,91.75,275.25
O00526,C0207,2024-05-08,P001,4,776.86,3107.44
O00527,C0651,2024-05-23,P037,3,303.43,910.29
O00527,C0651,2024-05-23,P020,2,146.07,292.14
O00528,C0034,2024-05-18,P040,2,13.38,26.76
O00529,C0162,2024-05-10,P003,3,49.77,149.31
O00529,C0162,2024-05-10,P012,1,91.75,91.75
O00530,C0737,2024-05-19,P046,1,201.03,201.03
O00531,C0022,2024-05-24,P013,1,6.25,6.25
O00532,C0015,2024-05-23,P025,1,13.87,13.87
O00532,C0015,2024-05-23,P001,2,776.86,1553.72
O00533,C0100,2024-05-03,P012,4,91.75,367.0
O00533,C0100,2024-05-03,P048,3,188.57,565.71
O00534,C0613,2024-05-21,P025,1,13.87,13.87
O00534,C0613,2024-05-21,P048,2,188.57,377.14
O00535,C0055,2024-05-17,P003,2,49.77,99.54
O00535,C0055,2024-05-17,P042,1,43.3,43.3
O00536,C0762,2024-05-20,P024,1,135.44,135.44
O00536,C0762,2024-05-20,P037,2,303.43,606.86
O00537,C0434,2024-05-25,P047,1,102.85,102.85
O00537,C0434,2024-05-25,P019,2,317.52,635.04
O00538,C0381,2024-05-13,P008,1,14.18,14.18
O00539,C0704,2024-05-04,P005,2,76.2,152.4
O00540,C0133,2024-05-06,P009,1,152.01,152.01
O00540,C0133,2024-05-06,P035,1,69.79,69.79
O00541,C0718,2024-05-27,P026,1,32.56,32.56
O00542,C0174,2024-05-14,P025,1,13.87,13.87
O00542,C0174,2024-05-14,P044,1,142.35,142.35
O00543,C0660,2024-05-21,P026,2,32.56,65.12
O00544,C0161,2024-05-08,P025,1,13.87,13.87
O00544,C0161,2024-05-08,P027,1,96.36,96.36
O00545,C0352,2024-05-13,P037,2,303.43,606.86
O00546,C0545,2024-05-23,P025,1,13.87,13.87
O00546,C0545,2024-05-23,P001,1,776.86,776.86
O00547,C0725,2024-05-17,P023,3,306.62,919.86
O00547,C0725,2024-05-17,P019,1,317.52,317.52
O00547,C0725,2024-05-17,P024,1,135.44,135.44
O00548,C0298,2024-05-20,P036,1,527.91,527.91
O00549,C0754,2024-05-22,P046,1,201.03,201.03
O00550,C0012,2024-05-19,P025,1,13.87,13.87
O00551,C0412,2024-05-18,P018,1,296.36,296.36
O00552,C0474,2024-05-16,P009,1,152.01,152.01
O00553,C0230,2024-05-01,P039,3,257.83,773.49
O00554,C0722,2024-05-03,P018,2,296.36,592.72
O00555,C0644,2024-05-24,P015,1,44.73,44.73
O00556,C0238,2024-05-13,P002,3,27.35,82.05
O00557,C0541,2024-05-26,P044,1,142.35,142.35
O00558,C0367,2024-05-14,P024,1,135.44,135.44
O00559,C0105,2024-05-24,P030,2,301.86,603.72
O00559,C0105,2024-05-24,P032,1,353.08,353.08
O00559,C0105,2024-05-24,P012,1,91.75,91.75
O00560,C0268,2024-05-19,P029,3,355.82,1067.46
O00561,C0585,2024-05-12,P018,4,296.36,1185.44
O00562,C0262,2024-05-19,P009,1,152.01,152.01
O00563,C0289,2024-05-19,P043,3,29.54,88.62
O00563,C0289,2024-05-19,P012,1,91.75,91.75
O00563,C0289,2024-05-19,P001,1,776.86,776.86
O00564,C0519,2024-05-27,P024,1,135.44,135.44
O00564,C0519,2024-05-27,P044,3,142.35,427.05
O00565,C0191,2024-05-12,P047,2,102.85,205.7
O00566,C0695,2024-05-23,P020,1,146.07,146.07
O00567,C0692,2024-05-10,P038,1,216.22,216.22
O00568,C0613,2024-05-15,P042,4,43.3,173.2
O00569,C0681,2024-05-21,P006,1,309.91,309.91
O00570,C0798,2024-05-14,P011,2,215.54,431.08
O00571,C0685,2024-05-13,P001,2,776.86,1553.72
O00572,C0630,2024-05-13,P023,1,306.62,306.62
O00573,C0318,2024-05-25,P010,1,108.97,108.97
O00573,C0318,2024-05-25,P037,1,303.43,303.43
O00574,C0472,2024-05-25,P043,1,29.54,29.54
O00575,C0184,2024-05-09,P042,2,43.3,86.6
O00576,C0239,2024-05-28,P012,1,91.75,91.75
O00577,C0767,2024-05-22,P020,2,146.07,292.14
O00577,C0767,2024-05-22,P036,2,527.91,1055.82
O00578,C0774,2024-05-20,P048,2,188.57,377.14
O00579,C0441,2024-05-18,P016,1,30.4,30.4
O00579,C0441,2024-05-18,P025,1,13.87,13.87
O00580,C0403,2024-05-01,P032,1,353.08,353.08
O00580,C0403,2024-05-01,P005,1,76.2,76.2
O00581,C0293,2024-05-06,P002,1,27.35,27.35
O00581,C0293,2024-05-06,P007,1,256.51,256.51
O00581,C0293,2024-05-06,P018,4,296.36,1185.44
O00582,C0165,2024-05-08,P023,1,306.62,306.62
O00582,C0165,2024-05-08,P014,2,9.95,19.9
O00583,C0189,2024-05-01,P017,2,201.22,402.44
O00583,C0189,2024-05-01,P013,2,6.25,12.5
O00584,C0415,2024-05-21,P018,4,296.36,1185.44
O00585,C0563,2024-05-28,P012,3,91.75,275.25
O00586,C0080,2024-05-05,P048,1,188.57,188.57
O00586,C0080,2024-05-05,P037,2,303.43,606.86
O00587,C0401,2024-06-09,P040,1,13.38,13.38
O00587,C0401,2024-06-09,P008,3,14.18,42.54
O00588,C0674,2024-06-06,P045,1,618.02,618.02
O00588,C0674,2024-06-06,P004,1,27.36,27.36
O00589,C0545,2024-06-19,P046,4,201.03,804.12
O00589,C0545,2024-06-19,P041,2,718.47,1436.94
O00590,C0434,2024-06-22,P021,2,375.86,751.72
O00591,C0731,2024-06-06,P043,1,29.54,29.54
O00592,C0777,2024-06-21,P020,4,146.07,584.28
O00593,C0170,2024-06-25,P021,1,375.86,375.86
O00594,C0011,2024-06-12,P017,4,201.22,804.88
O00594,C0011,2024-06-12,P045,2,618.02,1236.04
O00595,C0293,2024-06-20,P046,1,201.03,201.03
O00596,C0686,2024-06-21,P006,3,309.91,929.73
O00596,C0686,2024-06-21,P021,2,375.86,751.72
O00596,C0686,2024-06-21,P015,1,44.73,44.73
O00597,C0648,2024-06-10,P028,1,11.25,11.25
O00598,C0109,2024-06-16,P022,1,363.71,363.71
O00599,C0519,2024-06-27,P045,1,618.02,618.02
O00599,C0519,2024-06-27,P044,2,142.35,284.7
O00600,C0222,2024-06-24,P023,1,306.62,306.62
O00601,C0157,2024-06-11,P014,1,9.95,9.95
O00602,C0427,2024-06-08,P047,1,102.85,102.85
O00602,C0427,2024-06-08,P003,2,49.77,99.54
O00603,C0138,2024-06-05,P027,1,96.36,96.36
O00604,C0161,2024-06-01,P023,1,306.62,306.62
O00605,C0458,2024-06-28,P010,1,108.97,108.97
O00605,C0458,2024-06-28,P011,1,215.54,215.54
O00605,C0458,2024-06-28,P010,3,108.97,326.91
O00606,C0676,2024-06-13,P007,1,256.51,256.51
O00607,C0634,2024-06-25,P006,2,309.91,619.82
O00607,C0634,2024-06-25,P006,1,309.91,309.91
O00608,C0232,2024-06-20,P020,1,146.07,146.07
O00608,C0232,2024-06-20,P022,2,363.71,727.42
O00608,C0232,2024-06-20,P006,3,309.91,929.73
O00609,C0327,2024-06-27,P017,1,201.22,201.22
O00609,C0327,2024-06-27,P033,1,616.01,616.01
O00610,C0127,2024-06-28,P002,2,27.35,54.7
O00611,C0543,2024-06-04,P020,1,146.07,146.07
O00612,C0106,2024-06-23,P042,1,43.3,43.3
O00612,C0106,2024-06-23,P017,2,201.22,402.44
O00612,C0106,2024-06-23,P037,4,303.43,1213.72
O00613,C0264,2024-06-10,P014,3,9.95,29.85
O00614,C0363,2024-06-22,P035,1,69.79,69.79
O00615,C0340,2024-06-21,P021,2,375.86,751.72
O00615,C0340,2024-06-21,P020,1,146.07,146.07
O00616,C0135,2024-06-14,P043,4,29.54,118.16
O00617,C0621,2024-06-28,P022,1,363.71,363.71
O00618,C0207,2024-06-04,P040,1,13.38,13.38
O00619,C0070,2024-06-13,P009,2,152.01,304.02
O00620,C0370,2024-06-07,P021,2,375.86,751.72
O00621,C0721,2024-06-02,P010,2,108.97,217.94
O00622,C0047,2024-06-15,P021,1,375.86,375.86
O00623,C0358,2024-06-21,P013,1,6.25,6.25
O00624,C0614,2024-06-10,P013,2,6.25,12.5
O00624,C0614,2024-06-10,P013,1,6.25,6.25
O00625,C0129,2024-06-09,P006,1,309.91,309.91
O00625,C0129,2024-06-09,P017,3,201.22,603.66
O00625,C0129,2024-06-09,P019,2,317.52,635.04
O00626,C0597,2024-06-06,P003,2,49.77,99.54
O00627,C0472,2024-06-06,P022,1,363.71,363.71
O00628,C0624,2024-06-16,P004,1,27.36,27.36
O00629,C0467,2024-06-18,P045,1,618.02,618.02
O00629,C0467,2024-06-18,P006,1,309.91,309.91
O00630,C0024,2024-06-11,P040,1,13.38,13.38
O00631,C0740,2024-06-14,P020,1,146.07,146.07
O00631,C0740,2024-06-14,P044,1,142.35,142.35
O00631,C0740,2024-06-14,P045,1,618.02,618.02
O00632,C0385,2024-06-26,P008,1,14.18,14.18
O00633,C0351,2024-06-16,P032,1,353.08,353.08
O00634,C0439,2024-06-20,P013,1,6.25,6.25
O00634,C0439,2024-06-20,P020,1,146.07,146.07
O00635,C0760,2024-06-01,P024,1,135.44,135.44
O00636,C0345,2024-06-22,P014,1,9.95,9.95
O00636,C0345,2024-06-22,P032,3,353.08,1059.24
O00637,C0799,2024-06-07,P029,3,355.82,1067.46
O00637,C0799,2024-06-07,P008,2,14.18,28.36
O00637,C0799,2024-06-07,P016,1,30.4,30.4
O00638,C0110,2024-06-20,P040,1,13.38,13.38
O00639,C0014,2024-06-27,P046,1,201.03,201.03
O00640,C0800,2024-06-06,P033,2,616.01,1232.02
O00641,C0675,2024-06-16,P021,1,375.86,375.86
O00642,C0254,2024-06-13,P047,1,102.85,102.85
O00642,C0254,2024-06-13,P036,2,527.91,1055.82
O00643,C0367,2024-06-13,P009,2,152.01,304.02
O00644,C0415,2024-06-25,P025,1,13.87,13.87
O00644,C0415,2024-06-25,P002,1,27.35,27.35
O00644,C0415,2024-06-25,P001,1,776.86,776.86
O00645,C0800,2024-06-16,P018,1,296.36,296.36
O00646,C0572,2024-06-14,P032,1,353.08,353.08
O00646,C0572,2024-06-14,P015,1,44.73,44.73
O00647,C0322,2024-06-28,P020,3,146.07,438.21
O00647,C0322,2024-06-28,P009,1,152.01,152.01
O00648,C0475,2024-06-02,P033,1,616.01,616.01
O00648,C0475,2024-06-02,P033,1,616.01,616.01
O00649,C0662,2024-06-12,P001,1,776.86,776.86
O00650,C0013,2024-06-25,P032,1,353.08,353.08
O00651,C0220,2024-06-08,P019,1,317.52,317.52
O00652,C0095,2024-06-19,P036,1,527.91,527.91
O00653,C0621,2024-06-11,P036,1,527.91,527.91
O00653,C0621,2024-06-11,P042,4,43.3,173.2
O00654,C0070,2024-06-15,P023,1,306.62,306.62
O00654,C0070,2024-06-15,P027,1,96.36,96.36
O00655,C0223,2024-06-04,P043,2,29.54,59.08
O00656,C0688,2024-06-19,P029,1,355.82,355.82
O00657,C0235,2024-06-06,P022,1,363.71,363.71
O00657,C0235,2024-06-06,P026,2,32.56,65.12
O00658,C0196,2024-06-07,P029,2,355.82,711.64
O00659,C0635,2024-06-07,P016,1,30.4,30.4
O00659,C0635,2024-06-07,P019,1,317.52,317.52
O00660,C0741,2024-06-17,P018,3,296.36,889.08
O00661,C0273,2024-06-04,P041,2,718.47,1436.94
O00662,C0675,2024-06-12,P016,1,30.4,30.4
O00662,C0675,2024-06-12,P011,1,215.54,215.54
O00662,C0675,2024-06-12,P026,2,32.56,65.12
O00663,C0215,2024-06-06,P024,1,135.44,135.44
O00664,C0499,2024-06-25,P035,1,69.79,69.79
O00664,C0499,2024-06-25,P024,1,135.44,135.44
O00665,C0708,2024-06-25,P048,3,188.57,565.71
O00665,C0708,2024-06-25,P028,1,11.25,11.25
O00666,C0200,2024-06-20,P039,1,257.83,257.83
O00667,C0097,2024-06-02,P019,1,317.52,317.52
O00667,C0097,2024-06-02,P004,2,27.36,54.72
O00667,C0097,2024-06-02,P040,2,13.38,26.76
O00668,C0470,2024-06-26,P048,1,188.57,188.57
O00669,C0312,2024-06-21,P014,1,9.95,9.95
O00669,C0312,2024-06-21,P010,1,108.97,108.97
O00670,C0274,2024-06-19,P024,1,135.44,135.44
O00670,C0274,2024-06-19,P026,2,32.56,65.12
O00671,C0607,2024-06-19,P038,2,216.22,432.44
O00672,C0517,2024-06-05,P043,2,29.54,59.08
O00673,C0580,2024-06-15,P010,1,108.97,108.97
O00673,C0580,2024-06-15,P012,4,91.75,367.0
O00674,C0477,2024-06-27,P026,2,32.56,65.12
O00674,C0477,2024-06-27,P023,2,306.62,613.24
O00675,C0627,2024-06-19,P034,2,259.38,518.76
O00676,C0495,2024-06-07,P031,1,319.68,319.68
O00676,C0495,2024-06-07,P011,3,215.54,646.62
O00676,C0495,2024-06-07,P025,1,13.87,13.87
O00677,C0195,2024-06-19,P035,1,69.79,69.79
O00678,C0052,2024-06-14,P011,1,215.54,215.54
O00679,C0189,2024-06-01,P018,1,296.36,296.36
O00680,C0495,2024-06-18,P039,1,257.83,257.83
O00680,C0495,2024-06-18,P004,3,27.36,82.08
O00681,C0735,2024-06-17,P003,1,49.77,49.77
O00682,C0373,2024-06-22,P039,3,257.83,773.49
O00682,C0373,2024-06-22,P037,1,303.43,303.43
O00682,C0373,2024-06-22,P011,1,215.54,215.54
O00683,C0196,2024-06-09,P029,1,355.82,355.82
O00684,C0507,2024-06-06,P045,1,618.02,618.02
O00685,C0275,2024-06-24,P024,2,135.44,270.88
O00685,C0275,2024-06-24,P018,1,296.36,296.36
O00686,C0734,2024-06-05,P048,2,188.57,377.14
O00687,C0283,2024-06-10,P011,2,215.54,431.08
O00687,C0283,2024-06-10,P031,1,319.68,319.68
O00688,C0134,2024-06-19,P022,2,363.71,727.42
O00688,C0134,2024-06-19,P041,1,718.47,718.47
O00689,C0562,2024-06-06,P012,1,91.75,91.75
O00690,C0775,2024-06-21,P004,1,27.36,27.36
O00691,C0234,2024-06-22,P024,1,135.44,135.44
O00692,C0477,2024-06-26,P026,2,32.56,65.12
O00692,C0477,2024-06-26,P043,2,29.54,59.08
O00693,C0261,2024-06-18,P021,2,375.86,751.72
O00694,C0258,2024-06-15,P002,3,27.35,82.05
O00695,C0055,2024-06-02,P015,1,44.73,44.73
O00696,C0492,2024-06-11,P043,3,29.54,88.62
O00697,C0762,2024-06-22,P011,1,215.54,215.54
O00698,C0121,2024-06-16,P020,4,146.07,584.28
O00699,C0480,2024-06-07,P047,4,102.85,411.4
O00699,C0480,2024-06-07,P008,1,14.18,14.18
O00700,C0715,2024-06-12,P038,3,216.22,648.66
O00701,C0097,2024-06-16,P014,1,9.95,9.95
O00702,C0784,2024-06-17,P027,1,96.36,96.36
O00703,C0135,2024-06-26,P015,4,44.73,178.92
O00704,C0227,2024-06-15,P002,1,27.35,27.35
O00704,C0227,2024-06-15,P018,1,296.36,296.36
O00705,C0302,2024-06-09,P011,1,215.54,215.54
O00706,C0363,2024-06-17,P048,1,188.57,188.57
O00707,C0380,2024-06-05,P044,1,142.35,142.35
O00708,C0574,2024-06-12,P028,1,11.25,11.25
O00709,C0686,2024-06-27,P025,1,13.87,13.87
O00710,C0628,2024-06-21,P045,1,618.02,618.02
O00711,C0015,2024-06-22,P022,4,363.71,1454.84
O00712,C0292,2024-06-01,P027,2,96.36,192.72
O00712,C0292,2024-06-01,P030,3,301.86,905.58
O00713,C0663,2024-06-07,P028,1,11.25,11.25
O00714,C0702,2024-06-18,P011,1,215.54,215.54
O00714,C0702,2024-06-18,P022,1,363.71,363.71
O00715,C0461,2024-06-15,P017,2,201.22,402.44
O00715,C0461,2024-06-15,P009,2,152.01,304.02
O00716,C0272,2024-06-27,P002,2,27.35,54.7
O00717,C0742,2024-06-23,P037,1,303.43,303.43
O00718,C0557,2024-06-18,P006,2,309.91,619.82
O00719,C0346,2024-06-23,P027,1,96.36,96.36
O00720,C0099,2024-06-06,P025,1,13.87,13.87
O00720,C0099,2024-06-06,P047,1,102.85,102.85
O00720,C0099,2024-06-06,P032,1,353.08,353.08
O00721,C0176,2024-06-11,P042,1,43.3,43.3
O00722,C0188,2024-06-02,P017,2,201.22,402.44
O00723,C0675,2024-06-02,P028,4,11.25,45.0
O00724,C0208,2024-06-10,P004,1,27.36,27.36
O00724,C0208,2024-06-10,P044,3,142.35,427.05
O00725,C0616,2024-06-08,P007,1,256.51,256.51
O00725,C0616,2024-06-08,P005,1,76.2,76.2
O00726,C0082,2024-06-02,P021,2,375.86,751.72
O00727,C0260,2024-06-09,P022,4,363.71,1454.84
O00728,C0389,2024-06-27,P042,2,43.3,86.6
O00729,C0333,2024-06-09,P036,2,527.91,1055.82
O00730,C0200,2024-06-04,P031,2,319.68,639.36
O00731,C0574,2024-06-20,P041,1,718.47,718.47
O00732,C0714,2024-06-02,P029,1,355.82,355.82
O00733,C0004,2024-06-28,P026,1,32.56,32.56
O00733,C0004,2024-06-28,P029,2,355.82,711.64
O00734,C0003,2024-06-10,P003,1,49.77,49.77
O00734,C0003,2024-06-10,P035,3,69.79,209.37
O00735,C0425,2024-06-09,P028,2,11.25,22.5
O00736,C0595,2024-06-04,P006,4,309.91,1239.64
O00736,C0595,2024-06-04,P043,1,29.54,29.54
O00737,C0215,2024-06-10,P011,1,215.54,215.54
O00737,C0215,2024-06-10,P027,1,96.36,96.36
O00738,C0668,2024-06-05,P018,1,296.36,296.36
O00739,C0137,2024-06-28,P003,1,49.77,49.77
O00739,C0137,2024-06-28,P036,1,527.91,527.91
O00739,C0137,2024-06-28,P004,1,27.36,27.36
O00740,C0113,2024-06-27,P016,1,30.4,30.4
O00740,C0113,2024-06-27,P020,1,146.07,146.07
O00740,C0113,2024-06-27,P030,1,301.86,301.86
O00741,C0031,2024-06-02,P006,2,309.91,619.82
O00742,C0700,2024-06-03,P021,1,375.86,375.86
O00743,C0385,2024-06-27,P007,1,256.51,256.51
O00744,C0074,2024-06-07,P001,1,776.86,776.86
O00744,C0074,2024-06-07,P044,1,142.35,142.35
O00745,C0609,2024-06-20,P035,1,69.79,69.79
O00745,C0609,2024-06-20,P009,1,152.01,152.01
O00746,C0510,2024-06-16,P047,1,102.85,102.85
O00747,C0235,2024-06-26,P013,2,6.25,12.5
O00748,C0036,2024-06-15,P027,3,96.36,289.08
O00749,C0083,2024-06-03,P024,1,135.44,135.44
O00750,C0356,2024-07-22,P048,1,188.57,188.57
O00750,C0356,2024-07-22,P029,1,355.82,355.82
O00751,C0416,2024-07-06,P016,1,30.4,30.4
O00751,C0416,2024-07-06,P029,3,355.82,1067.46
O00752,C0668,2024-07-11,P036,3,527.91,1583.73
O00753,C0263,2024-07-04,P045,4,618.02,2472.08
O00754,C0526,2024-07-25,P041,1,718.47,718.47
O00754,C0526,2024-07-25,P042,2,43.3,86.6
O00755,C0734,2024-07-17,P036,2,527.91,1055.82
O00755,C0734,2024-07-17,P009,4,152.01,608.04
O00756,C0262,2024-07-09,P009,1,152.01,152.01
O00756,C0262,2024-07-09,P019,1,317.52,317.52
O00756,C0262,2024-07-09,P009,2,152.01,304.02
O00757,C0628,2024-07-24,P015,1,44.73,44.73
O00758,C0507,2024-07-13,P019,2,317.52,635.04
O00758,C0507,2024-07-13,P033,2,616.01,1232.02
O00759,C0226,2024-07-28,P016,1,30.4,30.4
O00760,C0210,2024-07-21,P027,2,96.36,192.72
O00761,C0423,2024-07-10,P018,4,296.36,1185.44
O00762,C0506,2024-07-17,P015,1,44.73,44.73
O00763,C0304,2024-07-12,P047,2,102.85,205.7
O00764,C0278,2024-07-20,P017,1,201.22,201.22
O00765,C0063,2024-07-26,P037,1,303.43,303.43
O00766,C0263,2024-07-23,P031,1,319.68,319.68
O00766,C0263,2024-07-23,P017,1,201.22,201.22
O00767,C0117,2024-07-26,P029,1,355.82,355.82
O00767,C0117,2024-07-26,P008,2,14.18,28.36
O00767,C0117,2024-07-26,P017,2,201.22,402.44
O00768,C0227,2024-07-07,P020,2,146.07,292.14
O00769,C0287,2024-07-10,P034,3,259.38,778.14
O00769,C0287,2024-07-10,P012,1,91.75,91.75
O00770,C0222,2024-07-20,P003,2,49.77,99.54
O00770,C0222,2024-07-20,P041,1,718.47,718.47
O00771,C0239,2024-07-20,P035,2,69.79,139.58
O00771,C0239,2024-07-20,P037,3,303.43,910.29
O00772,C0164,2024-07-12,P037,2,303.43,606.86
O00772,C0164,2024-07-12,P038,4,216.22,864.88
O00773,C0724,2024-07-18,P029,1,355.82,355.82
O00774,C0230,2024-07-23,P002,1,27.35,27.35
O00774,C0230,2024-07-23,P004,3,27.36,82.08
O00775,C0386,2024-07-25,P012,2,91.75,183.5
O00775,C0386,2024-07-25,P021,3,375.86,1127.58
O00775,C0386,2024-07-25,P002,1,27.35,27.35
O00776,C0253,2024-07-14,P048,2,188.57,377.14
O00777,C0055,2024-07-19,P015,2,44.73,89.46
O00777,C0055,2024-07-19,P013,1,6.25,6.25
O00778,C0470,2024-07-24,P039,2,257.83,515.66
O00779,C0558,2024-07-27,P010,2,108.97,217.94
O00780,C0530,2024-07-03,P020,4,146.07,584.28
O00781,C0365,2024-07-06,P027,4,96.36,385.44
O00782,C0005,2024-07-13,P030,1,301.86,301.86
O00783,C0330,2024-07-09,P016,1,30.4,30.4
O00783,C0330,2024-07-09,P025,1,13.87,13.87
O00784,C0546,2024-07-18,P019,2,317.52,635.04
O00785,C0314,2024-07-21,P008,1,14.18,14.18
O00786,C0131,2024-07-15,P040,2,13.38,26.76
O00787,C0550,2024-07-10,P034,1,259.38,259.38
O00788,C0582,2024-07-10,P002,1,27.35,27.35
O00788,C0582,2024-07-10,P003,1,49.77,49.77
O00788,C0582,2024-07-10,P017,1,201.22,201.22
O00789,C0612,2024-07-22,P045,2,618.02,1236.04
O00790,C0746,2024-07-26,P046,4,201.03,804.12
O00790,C0746,2024-07-26,P008,1,14.18,14.18
O00791,C0481,2024-07-01,P022,1,363.71,363.71
O00791,C0481,2024-07-01,P018,1,296.36,296.36
O00792,C0586,2024-07-15,P040,4,13.38,53.52
O00793,C0609,2024-07-05,P019,3,317.52,952.56
O00794,C0650,2024-07-01,P036,1,527.91,527.91
O00794,C0650,2024-07-01,P012,1,91.75,91.75
O00794,C0650,2024-07-01,P040,1,13.38,13.38
O00795,C0532,2024-07-13,P002,2,27.35,54.7
O00796,C0460,2024-07-26,P009,1,152.01,152.01
O00796,C0460,2024-07-26,P009,2,152.01,304.02
O00796,C0460,2024-07-26,P009,1,152.01,152.01
O00797,C0108,2024-07-02,P031,1,319.68,319.68
O00797,C0108,2024-07-02,P006,2,309.91,619.82
O00798,C0236,2024-07-02,P007,1,256.51,256.51
O00798,C0236,2024-07-02,P039,1,257.83,257.83
O00799,C0538,2024-07-03,P031,4,319.68,1278.72
O00799,C0538,2024-07-03,P004,1,27.36,27.36
O00800,C0731,2024-07-20,P045,1,618.02,618.02
O00801,C0168,2024-07-15,P028,1,11.25,11.25
O00801,C0168,2024-07-15,P005,1,76.2,76.2
O00801,C0168,2024-07-15,P001,1,776.86,776.86
O00802,C0025,2024-07-25,P038,1,216.22,216.22
O00802,C0025,2024-07-25,P043,1,29.54,29.54
O00802,C0025,2024-07-25,P031,1,319.68,319.68
O00803,C0597,2024-07-26,P032,1,353.08,353.08
O00804,C0369,2024-07-25,P044,1,142.35,142.35
O00805,C0772,2024-07-07,P002,1,27.35,27.35
O00806,C0509,2024-07-15,P023,3,306.62,919.86
O00807,C0501,2024-07-15,P018,1,296.36,296.36
O00808,C0698,2024-07-23,P022,1,363.71,363.71
O00809,C0081,2024-07-03,P023,1,306.62,306.62
O00810,C0164,2024-07-28,P024,1,135.44,135.44
O00811,C0155,2024-07-18,P028,1,11.25,11.25
O00812,C0173,2024-07-13,P003,3,49.77,149.31
O00812,C0173,2024-07-13,P014,1,9.95,9.95
O00813,C0110,2024-07-06,P043,1,29.54,29.54
O00813,C0110,2024-07-06,P039,3,257.83,773.49
O00813,C0110,2024-07-06,P040,1,13.38,13.38
O00814,C0416,2024-07-12,P041,1,718.47,718.47
O00814,C0416,2024-07-12,P011,1,215.54,215.54
O00815,C0486,2024-07-21,P001,1,776.86,776.86
O00815,C0486,2024-07-21,P001,2,776.86,1553.72
O00815,C0486,2024-07-21,P029,2,355.82,711.64
O00816,C0463,2024-07-09,P035,2,69.79,139.58
O00816,C0463,2024-07-09,P030,1,301.86,301.86
O00816,C0463,2024-07-09,P043,1,29.54,29.54
O00817,C0231,2024-07-10,P017,2,201.22,402.44
O00818,C0228,2024-07-25,P027,2,96.36,192.72
O00819,C0267,2024-07-09,P008,1,14.18,14.18
O00819,C0267,2024-07-09,P031,1,319.68,319.68
O00819,C0267,2024-07-09,P005,4,76.2,304.8
O00820,C0605,2024-07-07,P042,1,43.3,43.3
O00820,C0605,2024-07-07,P008,3,14.18,42.54
O00821,C0050,2024-07-05,P033,3,616.01,1848.03
O00822,C0401,2024-07-24,P016,4,30.4,121.6
O00823,C0478,2024-07-19,P035,2,69.79,139.58
O00823,C0478,2024-07-19,P037,1,303.43,303.43
O00824,C0476,2024-07-10,P036,4,527.91,2111.64
O00824,C0476,2024-07-10,P035,2,69.79,139.58
O00825,C0056,2024-07-09,P046,1,201.03,201.03
O00826,C0491,2024-07-18,P038,1,216.22,216.22
O00827,C0731,2024-07-16,P033,1,616.01,616.01
O00827,C0731,2024-07-16,P044,2,142.35,284.7
O00828,C0402,2024-07-14,P020,3,146.07,438.21
O00829,C0054,2024-07-13,P044,2,142.35,284.7
O00830,C0054,2024-07-02,P027,2,96.36,192.72
O00831,C0344,2024-07-17,P003,1,49.77,49.77
O00831,C0344,2024-07-17,P045,2,618.02,1236.04
O00832,C0522,2024-07-25,P011,3,215.54,646.62
O00833,C0777,2024-07-17,P031,1,319.68,319.68
O00834,C0355,2024-07-16,P031,1,319.68,319.68
O00835,C0703,2024-07-18,P030,1,301.86,301.86
O00835,C0703,2024-07-18,P037,1,303.43,303.43
O00836,C0191,2024-07-12,P047,1,102.85,102.85
O00837,C0337,2024-07-25,P006,1,309.91,309.91
O00837,C0337,2024-07-25,P006,1,309.91,309.91
O00838,C0570,2024-07-06,P028,2,11.25,22.5
O00839,C0505,2024-07-22,P013,1,6.25,6.25
O00840,C0499,2024-07-22,P028,1,11.25,11.25
O00841,C0225,2024-07-06,P007,2,256.51,513.02
O00841,C0225,2024-07-06,P022,1,363.71,363.71
O00842,C0295,2024-07-09,P034,2,259.38,518.76
O00843,C0730,2024-07-05,P007,1,256.51,256.51
O00843,C0730,2024-07-05,P026,1,32.56,32.56
O00844,C0013,2024-07-04,P007,2,256.51,513.02
O00845,C0759,2024-07-08,P017,3,201.22,603.66
O00845,C0759,2024-07-08,P032,2,353.08,706.16
O00846,C0467,2024-07-25,P031,1,319.68,319.68
O00847,C0440,2024-07-18,P044,2,142.35,284.7
O00848,C0230,2024-07-22,P041,1,718.47,718.47
O00849,C0695,2024-07-25,P009,1,152.01,152.01
O00850,C0666,2024-07-01,P031,2,319.68,639.36
O00851,C0157,2024-07-03,P043,1,29.54,29.54
O00852,C0194,2024-07-15,P008,1,14.18,14.18
O00852,C0194,2024-07-15,P036,1,527.91,527.91
O00853,C0468,2024-07-26,P029,3,355.82,1067.46
O00853,C0468,2024-07-26,P003,1,49.77,49.77
O00854,C0668,2024-07-02,P032,1,353.08,353.08
O00854,C0668,2024-07-02,P026,3,32.56,97.68
O00855,C0358,2024-07-24,P030,2,301.86,603.72
O00856,C0493,2024-07-25,P027,2,96.36,192.72
O00856,C0493,2024-07-25,P031,1,319.68,319.68
O00856,C0493,2024-07-25,P005,3,76.2,228.6
O00857,C0180,2024-07-28,P047,2,102.85,205.7
O00858,C0081,2024-07-10,P004,3,27.36,82.08
O00859,C0798,2024-07-23,P037,1,303.43,303.43
O00859,C0798,2024-07-23,P032,3,353.08,1059.24
O00860,C0249,2024-07-09,P029,2,355.82,711.64
O00861,C0710,2024-07-22,P043,4,29.54,118.16
O00862,C0727,2024-07-18,P004,1,27.36,27.36
O00862,C0727,2024-07-18,P044,2,142.35,284.7
O00863,C0024,2024-07-18,P015,2,44.73,89.46
O00863,C0024,2024-07-18,P044,1,142.35,142.35
O00864,C0003,2024-07-06,P020,4,146.07,584.28
O00864,C0003,2024-07-06,P047,1,102.85,102.85
O00864,C0003,2024-07-06,P037,2,303.43,606.86
O00865,C0306,2024-07-10,P037,2,303.43,606.86
O00866,C0180,2024-07-05,P021,1,375.86,375.86
O00867,C0192,2024-07-20,P004,2,27.36,54.72
O00867,C0192,2024-07-20,P017,1,201.22,201.22
O00867,C0192,2024-07-20,P045,1,618.02,618.02
O00868,C0756,2024-07-11,P031,2,319.68,639.36
O00869,C0282,2024-07-23,P039,1,257.83,257.83
O00869,C0282,2024-07-23,P048,1,188.57,188.57
O00870,C0422,2024-07-11,P002,1,27.35,27.35
O00870,C0422,2024-07-11,P018,1,296.36,296.36
O00871,C0580,2024-07-11,P048,1,188.57,188.57
O00871,C0580,2024-07-11,P007,1,256.51,256.51
O00871,C0580,2024-07-11,P042,2,43.3,86.6
O00872,C0650,2024-07-25,P038,1,216.22,216.22
O00872,C0650,2024-07-25,P039,3,257.83,773.49
O00873,C0094,2024-07-20,P009,2,152.01,304.02
O00874,C0092,2024-07-03,P031,3,319.68,959.04
O00875,C0416,2024-07-19,P043,2,29.54,59.08
O00876,C0332,2024-07-20,P037,1,303.43,303.43
O00877,C0272,2024-07-21,P038,1,216.22,216.22
O00877,C0272,2024-07-21,P040,2,13.38,26.76
O00878,C0653,2024-07-15,P031,2,319.68,639.36
O00879,C0544,2024-07-14,P026,1,32.56,32.56
O00879,C0544,2024-07-14,P021,1,375.86,375.86
O00880,C0162,2024-07-09,P020,3,146.07,438.21
O00880,C0162,2024-07-09,P024,1,135.44,135.44
O00881,C0577,2024-07-13,P018,2,296.36,592.72
O00882,C0583,2024-07-07,P025,2,13.87,27.74
O00883,C0634,2024-07-25,P015,2,44.73,89.46
O00884,C0498,2024-07-16,P044,1,142.35,142.35
O00885,C0700,2024-07-25,P023,1,306.62,306.62
O00886,C0752,2024-07-10,P031,1,319.68,319.68
O00887,C0454,2024-07-03,P043,1,29.54,29.54
O00887,C0454,2024-07-03,P034,2,259.38,518.76
O00887,C0454,2024-07-03,P005,4,76.2,304.8
O00888,C0678,2024-07-25,P047,1,102.85,102.85
O00889,C0202,2024-07-18,P040,1,13.38,13.38
O00890,C0357,2024-07-16,P023,1,306.62,306.62
O00891,C0482,2024-07-09,P032,2,353.08,706.16
O00891,C0482,2024-07-09,P028,3,11.25,33.75
O00892,C0266,2024-07-14,P035,1,69.79,69.79
O00893,C0486,2024-07-18,P028,1,11.25,11.25
O00894,C0096,2024-07-03,P008,2,14.18,28.36
O00895,C0352,2024-07-05,P048,1,188.57,188.57
O00895,C0352,2024-07-05,P014,1,9.95,9.95
O00896,C0396,2024-07-22,P018,1,296.36,296.36
O00896,C0396,2024-07-22,P024,1,135.44,135.44
O00896,C0396,2024-07-22,P023,3,306.62,919.86
O00897,C0127,2024-07-27,P005,2,76.2,152.4
O00897,C0127,2024-07-27,P016,3,30.4,91.2
O00897,C0127,2024-07-27,P025,1,13.87,13.87
O00898,C0560,2024-07-22,P007,1,256.51,256.51
O00899,C0673,2024-07-27,P003,1,49.77,49.77
O00899,C0673,2024-07-27,P034,2,259.38,518.76
O00900,C0111,2024-07-24,P023,2,306.62,613.24
O00900,C0111,2024-07-24,P007,1,256.51,256.51
O00901,C0499,2024-07-22,P007,1,256.51,256.51
O00901,C0499,2024-07-22,P027,1,96.36,96.36
O00901,C0499,2024-07-22,P026,1,32.56,32.56
O00902,C0447,2024-07-17,P043,3,29.54,88.62
O00902,C0447,2024-07-17,P038,1,216.22,216.22
O00903,C0427,2024-07-14,P007,1,256.51,256.51
O00904,C0598,2024-07-09,P027,3,96.36,289.08
O00905,C0584,2024-07-23,P012,4,91.75,367.0
O00905,C0584,2024-07-23,P003,1,49.77,49.77
O00906,C0684,2024-07-09,P005,2,76.2,152.4
O00907,C0215,2024-07-01,P012,2,91.75,183.5
O00908,C0773,2024-07-24,P031,1,319.68,319.68
O00908,C0773,2024-07-24,P029,3,355.82,1067.46
O00909,C0714,2024-07-02,P009,2,152.01,304.02
O00910,C0046,2024-07-15,P018,1,296.36,296.36
O00910,C0046,2024-07-15,P012,1,91.75,91.75
O00911,C0365,2024-07-24,P003,2,49.77,99.54
O00912,C0642,2024-07-16,P021,1,375.86,375.86
O00913,C0535,2024-07-25,P001,1,776.86,776.86
O00914,C0127,2024-07-09,P011,2,215.54,431.08
O00914,C0127,2024-07-09,P012,1,91.75,91.75
O00915,C0279,2024-07-18,P015,1,44.73,44.73
O00915,C0279,2024-07-18,P019,1,317.52,317.52
O00916,C0381,2024-07-28,P033,2,616.01,1232.02
O00916,C0381,2024-07-28,P011,1,215.54,215.54
O00916,C0381,2024-07-28,P041,2,718.47,1436.94
O00917,C0129,2024-07-26,P025,3,13.87,41.61
O00918,C0490,2024-07-10,P033,1,616.01,616.01
O00918,C0490,2024-07-10,P018,1,296.36,296.36
O00919,C0763,2024-08-14,P024,4,135.44,541.76
O00920,C0551,2024-08-14,P044,1,142.35,142.35
O00921,C0612,2024-08-17,P004,3,27.36,82.08
O00921,C0612,2024-08-17,P042,1,43.3,43.3
O00922,C0058,2024-08-04,P027,1,96.36,96.36
O00923,C0126,2024-08-05,P024,3,135.44,406.32
O00923,C0126,2024-08-05,P019,3,317.52,952.56
O00924,C0627,2024-08-11,P037,1,303.43,303.43
O00924,C0627,2024-08-11,P009,1,152.01,152.01
O00925,C0501,2024-08-21,P003,3,49.77,149.31
O00926,C0412,2024-08-21,P023,3,306.62,919.86
O00926,C0412,2024-08-21,P047,1,102.85,102.85
O00926,C0412,2024-08-21,P031,3,319.68,959.04
O00927,C0703,2024-08-03,P042,1,43.3,43.3
O00928,C0455,2024-08-26,P021,1,375.86,375.86
O00929,C0295,2024-08-08,P006,4,309.91,1239.64
O00930,C0295,2024-08-25,P009,1,152.01,152.01
O00930,C0295,2024-08-25,P014,1,9.95,9.95
O00930,C0295,2024-08-25,P020,1,146.07,146.07
O00931,C0363,2024-08-22,P038,1,216.22,216.22
O00931,C0363,2024-08-22,P023,1,306.62,306.62
O00931,C0363,2024-08-22,P019,1,317.52,317.52
O00932,C0254,2024-08-08,P035,1,69.79,69.79
O00933,C0346,2024-08-02,P041,1,718.47,718.47
O00934,C0292,2024-08-02,P032,3,353.08,1059.24
O00935,C0457,2024-08-04,P043,1,29.54,29.54
O00935,C0457,2024-08-04,P014,1,9.95,9.95
O00936,C0124,2024-08-24,P016,1,30.4,30.4
O00936,C0124,2024-08-24,P039,1,257.83,257.83
O00937,C0181,2024-08-17,P007,1,256.51,256.51
O00937,C0181,2024-08-17,P021,1,375.86,375.86
O00937,C0181,2024-08-17,P001,3,776.86,2330.58
O00938,C0099,2024-08-15,P032,1,353.08,353.08
O00938,C0099,2024-08-15,P018,3,296.36,889.08
O00939,C0055,2024-08-06,P006,1,309.91,309.91
O00940,C0459,2024-08-27,P005,1,76.2,76.2
O00940,C0459,2024-08-27,P006,1,309.91,309.91
O00941,C0194,2024-08-01,P036,1,527.91,527.91
O00942,C0041,2024-08-18,P009,1,152.01,152.01
O00943,C0778,2024-08-13,P004,2,27.36,54.72
O00944,C0306,2024-08-04,P036,3,527.91,1583.73
O00945,C0159,2024-08-08,P041,4,718.47,2873.88
O00946,C0190,2024-08-28,P003,2,49.77,99.54
O00947,C0295,2024-08-18,P005,1,76.2,76.2
O00948,C0162,2024-08-27,P004,1,27.36,27.36
O00949,C0611,2024-08-19,P007,1,256.51,256.51
O00949,C0611,2024-08-19,P012,1,91.75,91.75
O00950,C0045,2024-08-04,P033,1,616.01,616.01
O00951,C0199,2024-08-09,P047,1,102.85,102.85
O00952,C0005,2024-08-02,P006,2,309.91,619.82
O00953,C0249,2024-08-21,P014,1,9.95,9.95
O00954,C0264,2024-08-08,P046,1,201.03,201.03
O00955,C0130,2024-08-13,P037,1,303.43,303.43
O00956,C0126,2024-08-14,P031,2,319.68,639.36
O00957,C0318,2024-08-22,P036,2,527.91,1055.82
O00958,C0735,2024-08-22,P039,1,257.83,257.83
O00958,C0735,2024-08-22,P045,1,618.02,618.02
O00959,C0227,2024-08-06,P005,1,76.2,76.2
O00960,C0215,2024-08-01,P008,2,14.18,28.36
O00960,C0215,2024-08-01,P034,1,259.38,259.38
O00960,C0215,2024-08-01,P010,3,108.97,326.91
O00961,C0457,2024-08-24,P032,1,353.08,353.08
O00962,C0776,2024-08-10,P032,1,353.08,353.08
O00962,C0776,2024-08-10,P048,1,188.57,188.57
O00963,C0628,2024-08-12,P011,2,215.54,431.08
O00964,C0793,2024-08-17,P018,1,296.36,296.36
O00965,C0019,2024-08-02,P019,2,317.52,635.04
O00966,C0650,2024-08-20,P010,2,108.97,217.94
O00966,C0650,2024-08-20,P007,2,256.51,513.02
O00967,C0211,2024-08-22,P030,1,301.86,301.86
O00967,C0211,2024-08-22,P043,1,29.54,29.54
O00968,C0156,2024-08-22,P003,2,49.77,99.54
O00969,C0485,2024-08-05,P047,1,102.85,102.85
O00970,C0792,2024-08-12,P024,1,135.44,135.44
O00971,C0231,2024-08-05,P019,1,317.52,317.52
O00971,C0231,2024-08-05,P019,1,317.52,317.52
O00972,C0117,2024-08-24,P024,1,135.44,135.44
O00973,C0600,2024-08-18,P029,1,355.82,355.82
O00974,C0532,2024-08-15,P019,1,317.52,317.52
O00974,C0532,2024-08-15,P010,1,108.97,108.97
O00975,C0732,2024-08-07,P003,1,49.77,49.77
O00976,C0117,2024-08-19,P006,1,309.91,309.91
O00977,C0182,2024-08-13,P023,1,306.62,306.62
O00978,C0727,2024-08-27,P040,1,13.38,13.38
O00979,C0078,2024-08-03,P040,3,13.38,40.14
O00980,C0535,2024-08-14,P028,1,11.25,11.25
O00980,C0535,2024-08-14,P021,2,375.86,751.72
O00981,C0030,2024-08-04,P009,4,152.01,608.04
O00982,C0506,2024-08-27,P012,3,91.75,275.25
O00983,C0303,2024-08-06,P010,1,108.97,108.97
O00984,C0237,2024-08-26,P048,1,188.57,188.57
O00984,C0237,2024-08-26,P032,1,353.08,353.08
O00984,C0237,2024-08-26,P035,3,69.79,209.37
O00985,C0197,2024-08-13,P007,2,256.51,513.02
O00986,C0577,2024-08-13,P009,3,152.01,456.03
O00986,C0577,2024-08-13,P004,1,27.36,27.36
O00987,C0136,2024-08-01,P004,2,27.36,54.72
O00988,C0178,2024-08-23,P002,2,27.35,54.7
O00989,C0531,2024-08-06,P010,1,108.97,108.97
O00989,C0531,2024-08-06,P036,2,527.91,1055.82
O00990,C0557,2024-08-08,P023,3,306.62,919.86
O00991,C0070,2024-08-06,P027,4,96.36,385.44
O00992,C0216,2024-08-10,P025,4,13.87,55.48
O00992,C0216,2024-08-10,P035,3,69.79,209.37
O00993,C0759,2024-08-28,P006,3,309.91,929.73
O00994,C0637,2024-08-27,P031,4,319.68,1278.72
O00995,C0654,2024-08-06,P041,1,718.47,718.47
O00996,C0418,2024-08-10,P035,2,69.79,139.58
O00997,C0358,2024-08-24,P002,1,27.35,27.35
O00998,C0568,2024-08-10,P041,1,718.47,718.47
O00998,C0568,2024-08-10,P007,1,256.51,256.51
O00998,C0568,2024-08-10,P034,1,259.38,259.38
O00999,C0281,2024-08-20,P031,1,319.68,319.68
O01000,C0481,2024-08-07,P019,1,317.52,317.52
O01000,C0481,2024-08-07,P030,1,301.86,301.86
O01001,C0479,2024-08-24,P041,1,718.47,718.47
O01002,C0055,2024-08-07,P004,1,27.36,27.36
O01003,C0767,2024-08-14,P023,1,306.62,306.62
O01003,C0767,2024-08-14,P013,1,6.25,6.25
O01004,C0342,2024-08-13,P008,3,14.18,42.54
O01004,C0342,2024-08-13,P048,3,188.57,565.71
O01005,C0725,2024-08-10,P022,2,363.71,727.42
O01006,C0774,2024-08-27,P025,2,13.87,27.74
O01006,C0774,2024-08-27,P024,2,135.44,270.88
O01007,C0498,2024-08-26,P019,1,317.52,317.52
O01007,C0498,2024-08-26,P021,1,375.86,375.86
O01008,C0280,2024-08-10,P005,1,76.2,76.2
O01008,C0280,2024-08-10,P025,1,13.87,13.87
O01008,C0280,2024-08-10,P007,1,256.51,256.51
O01009,C0512,2024-08-13,P007,1,256.51,256.51
O01009,C0512,2024-08-13,P031,1,319.68,319.68
O01010,C0347,2024-08-11,P027,3,96.36,289.08
O01010,C0347,2024-08-11,P014,4,9.95,39.8
O01011,C0042,2024-08-10,P034,1,259.38,259.38
O01012,C0290,2024-08-09,P013,1,6.25,6.25
O01012,C0290,2024-08-09,P014,2,9.95,19.9
O01013,C0111,2024-08-25,P021,1,375.86,375.86
O01013,C0111,2024-08-25,P037,3,303.43,910.29
O01014,C0416,2024-08-08,P045,1,618.02,618.02
O01015,C0781,2024-08-12,P007,1,256.51,256.51
O01015,C0781,2024-08-12,P010,2,108.97,217.94
O01016,C0107,2024-08-02,P037,1,303.43,303.43
O01016,C0107,2024-08-02,P002,3,27.35,82.05
O01017,C0446,2024-08-25,P008,1,14.18,14.18
O01018,C0066,2024-08-15,P006,4,309.91,1239.64
O01019,C0580,2024-08-04,P011,1,215.54,215.54
O01019,C0580,2024-08-04,P021,2,375.86,751.72
O01020,C0015,2024-08-15,P021,1,375.86,375.86
O01020,C0015,2024-08-15,P045,1,618.02,618.02
O01020,C0015,2024-08-15,P008,1,14.18,14.18
O01021,C0096,2024-08-25,P006,1,309.91,309.91
O01021,C0096,2024-08-25,P017,2,201.22,402.44
O01022,C0331,2024-08-22,P044,1,142.35,142.35
O01023,C0019,2024-08-07,P019,1,317.52,317.52
O01024,C0742,2024-08-12,P016,3,30.4,91.2
O01025,C0088,2024-08-15,P029,1,355.82,355.82
O01026,C0696,2024-08-09,P012,1,91.75,91.75
O01026,C0696,2024-08-09,P028,3,11.25,33.75
O01027,C0502,2024-08-24,P041,1,718.47,718.47
O01027,C0502,2024-08-24,P011,2,215.54,431.08
O01028,C0408,2024-08-14,P018,1,296.36,296.36
O01028,C0408,2024-08-14,P037,1,303.43,303.43
O01029,C0739,2024-08-14,P013,2,6.25,12.5
O01030,C0534,2024-08-21,P023,1,306.62,306.62
O01030,C0534,2024-08-21,P005,1,76.2,76.2
O01031,C0571,2024-08-05,P036,1,527.91,527.91
O01031,C0571,2024-08-05,P003,3,49.77,149.31
O01032,C0445,2024-08-11,P012,4,91.75,367.0
O01032,C0445,2024-08-11,P038,1,216.22,216.22
O01033,C0693,2024-08-02,P030,2,301.86,603.72
O01033,C0693,2024-08-02,P028,1,11.25,11.25
O01033,C0693,2024-08-02,P006,2,309.91,619.82
O01034,C0209,2024-08-12,P021,2,375.86,751.72
O01035,C0279,2024-08-03,P023,2,306.62,613.24
O01035,C0279,2024-08-03,P001,3,776.86,2330.58
O01036,C0780,2024-08-26,P013,1,6.25,6.25
O01036,C0780,2024-08-26,P013,1,6.25,6.25
O01037,C0793,2024-08-19,P032,1,353.08,353.08
O01037,C0793,2024-08-19,P016,1,30.4,30.4
O01038,C0679,2024-08-19,P022,1,363.71,363.71
O01039,C0188,2024-08-17,P004,2,27.36,54.72
O01039,C0188,2024-08-17,P016,3,30.4,91.2
O01039,C0188,2024-08-17,P045,1,618.02,618.02
O01040,C0619,2024-08-26,P046,2,201.03,402.06
O01041,C0712,2024-08-17,P001,1,776.86,776.86
O01041,C0712,2024-08-17,P008,2,14.18,28.36
O01042,C0164,2024-08-05,P031,2,319.68,639.36
O01043,C0586,2024-08-22,P011,4,215.54,862.16
O01044,C0194,2024-08-13,P044,1,142.35,142.35
O01045,C0176,2024-08-05,P048,1,188.57,188.57
O01046,C0011,2024-08-15,P014,4,9.95,39.8
O01047,C0220,2024-08-09,P034,1,259.38,259.38
O01048,C0407,2024-08-05,P046,1,201.03,201.03
O01049,C0470,2024-08-26,P036,1,527.91,527.91
O01049,C0470,2024-08-26,P008,1,14.18,14.18
O01050,C0739,2024-08-19,P013,1,6.25,6.25
O01050,C0739,2024-08-19,P003,2,49.77,99.54
O01051,C0448,2024-08-27,P014,1,9.95,9.95
O01051,C0448,2024-08-27,P005,1,76.2,76.2
O01052,C0672,2024-08-23,P008,3,14.18,42.54
O01053,C0560,2024-08-05,P032,1,353.08,353.08
O01053,C0560,2024-08-05,P012,1,91.75,91.75
O01054,C0088,2024-08-04,P029,2,355.82,711.64
O01054,C0088,2024-08-04,P022,2,363.71,727.42
O01054,C0088,2024-08-04,P037,2,303.43,606.86
O01055,C0402,2024-08-22,P044,1,142.35,142.35
O01055,C0402,2024-08-22,P044,2,142.35,284.7
O01056,C0517,2024-08-11,P021,1,375.86,375.86
O01056,C0517,2024-08-11,P046,4,201.03,804.12
O01057,C0607,2024-08-01,P047,2,102.85,205.7
O01057,C0607,2024-08-01,P030,1,301.86,301.86
O01058,C0600,2024-08-10,P023,1,306.62,306.62
O01059,C0025,2024-08-28,P016,1,30.4,30.4
O01059,C0025,2024-08-28,P025,2,13.87,27.74
O01060,C0326,2024-08-13,P048,1,188.57,188.57
O01060,C0326,2024-08-13,P048,1,188.57,188.57
O01061,C0718,2024-08-08,P004,1,27.36,27.36
O01062,C0316,2024-08-24,P006,1,309.91,309.91
O01063,C0660,2024-08-21,P030,1,301.86,301.86
O01064,C0693,2024-08-16,P006,2,309.91,619.82
O01065,C0330,2024-08-08,P008,4,14.18,56.72
O01066,C0090,2024-08-21,P007,3,256.51,769.53
O01067,C0753,2024-08-07,P028,1,11.25,11.25
O01068,C0647,2024-08-07,P001,1,776.86,776.86
O01069,C0161,2024-08-26,P026,1,32.56,32.56
O01069,C0161,2024-08-26,P028,2,11.25,22.5
O01070,C0531,2024-08-19,P031,2,319.68,639.36
O01071,C0705,2024-08-07,P039,1,257.83,257.83
O01072,C0742,2024-08-20,P003,1,49.77,49.77
O01072,C0742,2024-08-20,P019,3,317.52,952.56
O01073,C0476,2024-08-06,P036,1,527.91,527.91
O01074,C0503,2024-08-01,P004,3,27.36,82.08
O01075,C0139,2024-08-09,P028,2,11.25,22.5
O01075,C0139,2024-08-09,P048,1,188.57,188.57
O01076,C0233,2024-08-15,P007,4,256.51,1026.04
O01077,C0480,2024-08-16,P038,1,216.22,216.22
O01078,C0573,2024-08-25,P040,1,13.38,13.38
O01079,C0680,2024-08-21,P035,1,69.79,69.79
O01079,C0680,2024-08-21,P004,3,27.36,82.08
O01080,C0154,2024-08-01,P018,1,296.36,296.36
O01081,C0385,2024-08-13,P003,1,49.77,49.77
O01081,C0385,2024-08-13,P007,3,256.51,769.53
O01082,C0520,2024-08-02,P029,3,355.82,1067.46
O01083,C0529,2024-08-14,P029,1,355.82,355.82
O01083,C0529,2024-08-14,P016,4,30.4,121.6
O01084,C0283,2024-09-10,P027,1,96.36,96.36
O01085,C0619,2024-09-02,P043,1,29.54,29.54
O01085,C0619,2024-09-02,P040,1,13.38,13.38
O01086,C0582,2024-09-10,P024,2,135.44,270.88
O01087,C0578,2024-09-26,P012,4,91.75,367.0
O01087,C0578,2024-09-26,P003,1,49.77,49.77
O01088,C0098,2024-09-25,P024,1,135.44,135.44
O01089,C0468,2024-09-17,P008,3,14.18,42.54
O01090,C0124,2024-09-25,P015,2,44.73,89.46
O01090,C0124,2024-09-25,P019,2,317.52,635.04
O01091,C0672,2024-09-12,P041,1,718.47,718.47
O01091,C0672,2024-09-12,P041,1,718.47,718.47
O01092,C0315,2024-09-11,P021,1,375.86,375.86
O01093,C0024,2024-09-11,P013,2,6.25,12.5
O01094,C0221,2024-09-03,P028,1,11.25,11.25
O01094,C0221,2024-09-03,P037,2,303.43,606.86
O01095,C0684,2024-09-13,P005,1,76.2,76.2
O01095,C0684,2024-09-13,P044,2,142.35,284.7
O01095,C0684,2024-09-13,P029,1,355.82,355.82
O01096,C0232,2024-09-17,P015,1,44.73,44.73
O01097,C0049,2024-09-27,P005,2,76.2,152.4
O01098,C0070,2024-09-15,P006,1,309.91,309.91
O01099,C0554,2024-09-13,P014,3,9.95,29.85
O01099,C0554,2024-09-13,P024,1,135.44,135.44
O01100,C0351,2024-09-11,P039,1,257.83,257.83
O01100,C0351,2024-09-11,P044,1,142.35,142.35
O01101,C0195,2024-09-08,P029,2,355.82,711.64
O01101,C0195,2024-09-08,P032,2,353.08,706.16
O01101,C0195,2024-09-08,P016,3,30.4,91.2
O01102,C0288,2024-09-14,P013,1,6.25,6.25
O01102,C0288,2024-09-14,P019,2,317.52,635.04
O01103,C0715,2024-09-14,P003,1,49.77,49.77
O01103,C0715,2024-09-14,P025,1,13.87,13.87
O01103,C0715,2024-09-14,P003,1,49.77,49.77
O01104,C0439,2024-09-15,P035,1,69.79,69.79
O01105,C0465,2024-09-18,P028,1,11.25,11.25
O01106,C0525,2024-09-03,P022,2,363.71,727.42
O01106,C0525,2024-09-03,P012,1,91.75,91.75
O01107,C0678,2024-09-23,P016,2,30.4,60.8
O01107,C0678,2024-09-23,P007,2,256.51,513.02
O01108,C0506,2024-09-15,P038,2,216.22,432.44
O01109,C0762,2024-09-05,P016,1,30.4,30.4
O01110,C0532,2024-09-24,P019,2,317.52,635.04
O01110,C0532,2024-09-24,P037,4,303.43,1213.72
O01111,C0422,2024-09-20,P021,1,375.86,375.86
O01111,C0422,2024-09-20,P031,1,319.68,319.68
O01112,C0229,2024-09-03,P006,1,309.91,309.91
O01113,C0617,2024-09-18,P006,4,309.91,1239.64
O01114,C0099,2024-09-11,P032,1,353.08,353.08
O01114,C0099,2024-09-11,P023,2,306.62,613.24
O01114,C0099,2024-09-11,P002,2,27.35,54.7
O01115,C0589,2024-09-01,P035,2,69.79,139.58
O01115,C0589,2024-09-01,P030,1,301.86,301.86
O01116,C0467,2024-09-18,P039,1,257.83,257.83
O01117,C0780,2024-09-26,P008,2,14.18,28.36
O01118,C0279,2024-09-28,P035,4,69.79,279.16
O01118,C0279,2024-09-28,P034,2,259.38,518.76
O01119,C0113,2024-09-10,P038,1,216.22,216.22
O01120,C0064,2024-09-03,P021,4,375.86,1503.44
O01121,C0278,2024-09-28,P028,1,11.25,11.25
O01122,C0568,2024-09-10,P007,1,256.51,256.51
O01123,C0144,2024-09-10,P011,1,215.54,215.54
O01124,C0090,2024-09-24,P044,1,142.35,142.35
O01125,C0371,2024-09-15,P014,1,9.95,9.95
O01126,C0415,2024-09-14,P032,2,353.08,706.16
O01127,C0303,2024-09-16,P006,1,309.91,309.91
O01128,C0281,2024-09-12,P025,1,13.87,13.87
O01129,C0580,2024-09-19,P047,2,102.85,205.7
O01130,C0051,2024-09-14,P020,4,146.07,584.28
O01130,C0051,2024-09-14,P036,1,527.91,527.91
O01131,C0766,2024-09-20,P013,2,6.25,12.5
O01132,C0222,2024-09-18,P047,1,102.85,102.85
O01133,C0052,2024-09-07,P008,4,14.18,56.72
O01134,C0468,2024-09-01,P026,1,32.56,32.56
O01135,C0758,2024-09-22,P026,1,32.56,32.56
O01135,C0758,2024-09-22,P004,3,27.36,82.08
O01136,C0383,2024-09-08,P036,4,527.91,2111.64
O01136,C0383,2024-09-08,P032,2,353.08,706.16
O01137,C0297,2024-09-07,P029,2,355.82,711.64
O01137,C0297,2024-09-07,P004,3,27.36,82.08
O01138,C0600,2024-09-26,P017,1,201.22,201.22
O01138,C0600,2024-09-26,P034,2,259.38,518.76
O01139,C0476,2024-09-05,P038,1,216.22,216.22
O01140,C0441,2024-09-10,P017,3,201.22,603.66
O01141,C0209,2024-09-04,P015,1,44.73,44.73
O01141,C0209,2024-09-04,P020,2,146.07,292.14
O01141,C0209,2024-09-04,P035,2,69.79,139.58
O01142,C0549,2024-09-19,P001,2,776.86,1553.72
O01142,C0549,2024-09-19,P044,1,142.35,142.35
O01143,C0700,2024-09-08,P046,1,201.03,201.03
O01143,C0700,2024-09-08,P024,2,135.44,270.88
O01144,C0769,2024-09-11,P041,2,718.47,1436.94
O01144,C0769,2024-09-11,P035,2,69.79,139.58
O01145,C0670,2024-09-25,P035,1,69.79,69.79
O01146,C0774,2024-09-25,P031,1,319.68,319.68
O01146,C0774,2024-09-25,P013,2,6.25,12.5
O01147,C0231,2024-09-04,P018,1,296.36,296.36
O01147,C0231,2024-09-04,P017,2,201.22,402.44
O01147,C0231,2024-09-04,P009,1,152.01,152.01
O01148,C0534,2024-09-03,P011,1,215.54,215.54
O01149,C0431,2024-09-15,P029,2,355.82,711.64
O01150,C0713,2024-09-11,P041,2,718.47,1436.94
O01151,C0761,2024-09-24,P002,1,27.35,27.35
O01151,C0761,2024-09-24,P037,2,303.43,606.86
O01152,C0629,2024-09-18,P047,1,102.85,102.85
O01152,C0629,2024-09-18,P019,1,317.52,317.52
O01152,C0629,2024-09-18,P037,2,303.43,606.86
O01153,C0154,2024-09-17,P004,1,27.36,27.36
O01154,C0005,2024-09-27,P007,3,256.51,769.53
O01155,C0201,2024-09-15,P008,2,14.18,28.36
O01155,C0201,2024-09-15,P041,1,718.47,718.47
O01156,C0712,2024-09-25,P020,3,146.07,438.21
O01156,C0712,2024-09-25,P036,2,527.91,1055.82
O01157,C0152,2024-09-15,P036,3,527.91,1583.73
O01157,C0152,2024-09-15,P022,1,363.71,363.71
O01158,C0203,2024-09-01,P026,4,32.56,130.24
O01159,C0059,2024-09-17,P001,1,776.86,776.86
O01159,C0059,2024-09-17,P040,1,13.38,13.38
O01160,C0775,2024-09-15,P002,2,27.35,54.7
O01161,C0409,2024-09-28,P039,1,257.83,257.83
O01161,C0409,2024-09-28,P017,1,201.22,201.22
O01161,C0409,2024-09-28,P011,2,215.54,431.08
O01162,C0418,2024-09-03,P013,3,6.25,18.75
O01163,C0649,2024-09-01,P013,1,6.25,6.25
O01164,C0168,2024-09-15,P008,1,14.18,14.18
O01164,C0168,2024-09-15,P039,3,257.83,773.49
O01165,C0591,2024-09-07,P045,1,618.02,618.02
O01165,C0591,2024-09-07,P020,1,146.07,146.07
O01166,C0069,2024-09-03,P047,1,102.85,102.85
O01166,C0069,2024-09-03,P016,1,30.4,30.4
O01166,C0069,2024-09-03,P016,1,30.4,30.4
O01167,C0784,2024-09-28,P026,1,32.56,32.56
O01168,C0296,2024-09-02,P007,3,256.51,769.53
O01169,C0713,2024-09-04,P015,1,44.73,44.73
O01170,C0326,2024-09-25,P001,1,776.86,776.86
O01171,C0307,2024-09-11,P043,4,29.54,118.16
O01171,C0307,2024-09-11,P035,1,69.79,69.79
O01172,C0013,2024-09-20,P038,1,216.22,216.22
O01172,C0013,2024-09-20,P011,1,215.54,215.54
O01173,C0200,2024-09-23,P040,4,13.38,53.52
O01174,C0183,2024-09-12,P006,3,309.91,929.73
O01174,C0183,2024-09-12,P013,2,6.25,12.5
O01174,C0183,2024-09-12,P041,1,718.47,718.47
O01175,C0751,2024-09-18,P009,1,152.01,152.01
O01175,C0751,2024-09-18,P036,1,527.91,527.91
O01176,C0784,2024-09-10,P035,3,69.79,209.37
O01177,C0460,2024-09-14,P037,1,303.43,303.43
O01177,C0460,2024-09-14,P030,1,301.86,301.86
O01178,C0384,2024-09-03,P012,1,91.75,91.75
O01179,C0647,2024-09-08,P041,1,718.47,718.47
O01180,C0050,2024-09-11,P003,2,49.77,99.54
O01180,C0050,2024-09-11,P008,1,14.18,14.18
O01181,C0270,2024-09-27,P046,2,201.03,402.06
O01182,C0051,2024-09-15,P029,1,355.82,355.82
O01182,C0051,2024-09-15,P044,2,142.35,284.7
O01183,C0710,2024-09-07,P037,1,303.43,303.43
O01183,C0710,2024-09-07,P020,4,146.07,584.28
O01184,C0462,2024-09-25,P047,1,102.85,102.85
O01185,C0799,2024-09-23,P023,1,306.62,306.62
O01185,C0799,2024-09-23,P047,2,102.85,205.7
O01186,C0361,2024-09-27,P007,1,256.51,256.51
O01187,C0370,2024-09-19,P024,2,135.44,270.88
O01188,C0187,2024-09-23,P008,2,14.18,28.36
O01189,C0200,2024-09-22,P039,2,257.83,515.66
O01190,C0682,2024-09-05,P017,2,201.22,402.44
O01190,C0682,2024-09-05,P015,2,44.73,89.46
O01191,C0481,2024-09-03,P036,2,527.91,1055.82
O01191,C0481,2024-09-03,P044,2,142.35,284.7
O01191,C0481,2024-09-03,P039,3,257.83,773.49
O01192,C0692,2024-09-27,P007,2,256.51,513.02
O01193,C0133,2024-09-10,P022,2,363.71,727.42
O01194,C0017,2024-09-27,P017,1,201.22,201.22
O01195,C0575,2024-09-14,P026,1,32.56,32.56
O01196,C0209,2024-09-16,P010,1,108.97,108.97
O01196,C0209,2024-09-16,P032,1,353.08,353.08
O01197,C0289,2024-09-04,P048,1,188.57,188.57
O01197,C0289,2024-09-04,P045,1,618.02,618.02
O01197,C0289,2024-09-04,P041,2,718.47,1436.94
O01198,C0350,2024-09-11,P018,1,296.36,296.36
O01199,C0797,2024-09-08,P015,2,44.73,89.46
O01200,C0131,2024-09-10,P026,2,32.56,65.12
O01201,C0053,2024-09-14,P015,1,44.73,44.73
O01201,C0053,2024-09-14,P046,3,201.03,603.09
O01202,C0204,2024-09-20,P005,1,76.2,76.2
O01202,C0204,2024-09-20,P018,1,296.36,296.36
O01203,C0432,2024-09-28,P048,1,188.57,188.57
O01204,C0322,2024-09-02,P002,2,27.35,54.7
O01205,C0461,2024-09-15,P046,2,201.03,402.06
O01205,C0461,2024-09-15,P032,3,353.08,1059.24
O01206,C0696,2024-09-02,P044,1,142.35,142.35
O01206,C0696,2024-09-02,P035,1,69.79,69.79
O01207,C0202,2024-09-06,P008,1,14.18,14.18
O01208,C0420,2024-09-15,P032,1,353.08,353.08
O01209,C0190,2024-09-09,P038,1,216.22,216.22
O01210,C0791,2024-09-03,P011,1,215.54,215.54
O01211,C0614,2024-09-17,P046,2,201.03,402.06
O01211,C0614,2024-09-17,P018,1,296.36,296.36
O01212,C0300,2024-09-24,P005,2,76.2,152.4
O01213,C0232,2024-09-19,P040,4,13.38,53.52
O01214,C0114,2024-09-25,P041,2,718.47,1436.94
O01215,C0630,2024-09-18,P026,3,32.56,97.68
O01216,C0286,2024-09-18,P030,1,301.86,301.86
O01217,C0040,2024-09-12,P044,1,142.35,142.35
O01217,C0040,2024-09-12,P037,3,303.43,910.29
O01218,C0708,2024-09-27,P027,2,96.36,192.72
O01219,C0123,2024-09-02,P016,3,30.4,91.2
O01220,C0504,2024-09-20,P018,3,296.36,889.08
O01220,C0504,2024-09-20,P017,1,201.22,201.22
O01221,C0017,2024-09-24,P035,1,69.79,69.79
O01221,C0017,2024-09-24,P018,2,296.36,592.72
O01222,C0526,2024-09-14,P036,1,527.91,527.91
O01222,C0526,2024-09-14,P035,1,69.79,69.79
O01223,C0127,2024-09-05,P045,2,618.02,1236.04
O01223,C0127,2024-09-05,P046,2,201.03,402.06
O01223,C0127,2024-09-05,P006,1,309.91,309.91
O01224,C0150,2024-09-11,P007,1,256.51,256.51
O01225,C0664,2024-09-16,P032,2,353.08,706.16
O01225,C0664,2024-09-16,P002,3,27.35,82.05
O01225,C0664,2024-09-16,P004,2,27.36,54.72
O01226,C0169,2024-09-13,P006,1,309.91,309.91
O01226,C0169,2024-09-13,P043,1,29.54,29.54
O01227,C0642,2024-09-13,P039,1,257.83,257.83
O01228,C0630,2024-09-05,P019,1,317.52,317.52
O01229,C0099,2024-09-12,P016,1,30.4,30.4
O01230,C0250,2024-09-24,P042,1,43.3,43.3
O01230,C0250,2024-09-24,P033,1,616.01,616.01
O01230,C0250,2024-09-24,P016,1,30.4,30.4
O01231,C0388,2024-09-12,P040,1,13.38,13.38
O01231,C0388,2024-09-12,P036,4,527.91,2111.64
O01231,C0388,2024-09-12,P019,1,317.52,317.52
O01232,C0344,2024-09-18,P021,3,375.86,1127.58
O01233,C0229,2024-10-19,P045,2,618.02,1236.04
O01234,C0722,2024-10-28,P024,3,135.44,406.32
O01235,C0103,2024-10-16,P031,1,319.68,319.68
O01236,C0703,2024-10-11,P016,1,30.4,30.4
O01237,C0589,2024-10-14,P016,1,30.4,30.4
O01238,C0105,2024-10-18,P008,2,14.18,28.36
O01238,C0105,2024-10-18,P006,1,309.91,309.91
O01238,C0105,2024-10-18,P024,2,135.44,270.88
O01239,C0214,2024-10-04,P016,1,30.4,30.4
O01240,C0525,2024-10-21,P037,3,303.43,910.29
O01240,C0525,2024-10-21,P021,1,375.86,375.86
O01241,C0148,2024-10-27,P009,3,152.01,456.03
O01241,C0148,2024-10-27,P044,1,142.35,142.35
O01242,C0741,2024-10-02,P041,3,718.47,2155.41
O01243,C0239,2024-10-16,P004,4,27.36,109.44
O01244,C0064,2024-10-12,P021,1,375.86,375.86
O01245,C0493,2024-10-11,P010,1,108.97,108.97
O01245,C0493,2024-10-11,P004,2,27.36,54.72
O01245,C0493,2024-10-11,P021,1,375.86,375.86
O01246,C0440,2024-10-14,P002,1,27.35,27.35
O01247,C0161,2024-10-01,P011,3,215.54,646.62
O01248,C0591,2024-10-27,P044,1,142.35,142.35
O01249,C0483,2024-10-28,P045,1,618.02,618.02
O01249,C0483,2024-10-28,P026,1,32.56,32.56
O01250,C0598,2024-10-15,P039,4,257.83,1031.32
O01251,C0011,2024-10-21,P028,1,11.25,11.25
O01252,C0649,2024-10-22,P035,2,69.79,139.58
O01252,C0649,2024-10-22,P005,2,76.2,152.4
O01253,C0299,2024-10-24,P006,1,309.91,309.91
O01254,C0703,2024-10-06,P005,1,76.2,76.2
O01255,C0103,2024-10-08,P008,1,14.18,14.18
O01256,C0600,2024-10-20,P048,2,188.57,377.14
O01257,C0800,2024-10-27,P028,2,11.25,22.5
O01257,C0800,2024-10-27,P032,1,353.08,353.08
O01258,C0704,2024-10-01,P048,1,188.57,188.57
O01259,C0072,2024-10-03,P011,3,215.54,646.62
O01259,C0072,2024-10-03,P036,2,527.91,1055.82
O01259,C0072,2024-10-03,P040,1,13.38,13.38
O01260,C0574,2024-10-02,P037,1,303.43,303.43
O01260,C0574,2024-10-02,P031,1,319.68,319.68
O01261,C0273,2024-10-14,P031,1,319.68,319.68
O01262,C0252,2024-10-03,P029,1,355.82,355.82
O01262,C0252,2024-10-03,P025,3,13.87,41.61
O01262,C0252,2024-10-03,P036,1,527.91,527.91
O01263,C0285,2024-10-19,P009,1,152.01,152.01
O01264,C0458,2024-10-17,P044,1,142.35,142.35
O01264,C0458,2024-10-17,P033,1,616.01,616.01
O01264,C0458,2024-10-17,P011,2,215.54,431.08
O01265,C0221,2024-10-17,P048,1,188.57,188.57
O01266,C0652,2024-10-23,P023,1,306.62,306.62
O01267,C0033,2024-10-14,P018,3,296.36,889.08
O01268,C0340,2024-10-15,P025,2,13.87,27.74
O01268,C0340,2024-10-15,P009,1,152.01,152.01
O01268,C0340,2024-10-15,P037,2,303.43,606.86
O01269,C0318,2024-10-08,P023,1,306.62,306.62
O01270,C0129,2024-10-06,P046,2,201.03,402.06
O01270,C0129,2024-10-06,P005,3,76.2,228.6
O01270,C0129,2024-10-06,P006,2,309.91,619.82
O01271,C0742,2024-10-10,P027,1,96.36,96.36
O01272,C0530,2024-10-03,P025,1,13.87,13.87
O01272,C0530,2024-10-03,P018,1,296.36,296.36
O01273,C0356,2024-10-18,P036,3,527.91,1583.73
O01273,C0356,2024-10-18,P036,2,527.91,1055.82
O01273,C0356,2024-10-18,P030,2,301.86,603.72
O01274,C0562,2024-10-16,P033,2,616.01,1232.02
O01275,C0559,2024-10-22,P025,2,13.87,27.74
O01275,C0559,2024-10-22,P044,1,142.35,142.35
O01276,C0291,2024-10-25,P003,1,49.77,49.77
O01277,C0749,2024-10-05,P006,2,309.91,619.82
O01278,C0185,2024-10-20,P038,1,216.22,216.22
O01279,C0560,2024-10-04,P011,1,215.54,215.54
O01280,C0314,2024-10-08,P017,1,201.22,201.22
O01280,C0314,2024-10-08,P017,1,201.22,201.22
O01280,C0314,2024-10-08,P040,1,13.38,13.38
O01281,C0370,2024-10-27,P011,4,215.54,862.16
O01282,C0519,2024-10-14,P027,1,96.36,96.36
O01283,C0217,2024-10-02,P033,3,616.01,1848.03
O01284,C0006,2024-10-16,P033,1,616.01,616.01
O01285,C0509,2024-10-20,P002,1,27.35,27.35
O01285,C0509,2024-10-20,P015,3,44.73,134.19
O01285,C0509,2024-10-20,P013,3,6.25,18.75
O01286,C0715,2024-10-03,P015,1,44.73,44.73
O01287,C0070,2024-10-09,P045,2,618.02,1236.04
O01287,C0070,2024-10-09,P002,3,27.35,82.05
O01288,C0324,2024-10-28,P007,1,256.51,256.51
O01288,C0324,2024-10-28,P046,1,201.03,201.03
O01289,C0011,2024-10-01,P026,1,32.56,32.56
O01289,C0011,2024-10-01,P044,1,142.35,142.35
O01289,C0011,2024-10-01,P040,1,13.38,13.38
O01290,C0294,2024-10-20,P041,2,718.47,1436.94
O01291,C0328,2024-10-16,P002,4,27.35,109.4
O01292,C0117,2024-10-21,P030,1,301.86,301.86
O01293,C0499,2024-10-26,P002,2,27.35,54.7
O01293,C0499,2024-10-26,P039,3,257.83,773.49
O01294,C0532,2024-10-09,P025,2,13.87,27.74
O01294,C0532,2024-10-09,P020,4,146.07,584.28
O01295,C0082,2024-10-28,P021,3,375.86,1127.58
O01296,C0460,2024-10-01,P048,1,188.57,188.57
O01296,C0460,2024-10-01,P020,3,146.07,438.21
O01297,C0259,2024-10-12,P037,2,303.43,606.86
O01297,C0259,2024-10-12,P019,1,317.52,317.52
O01298,C0333,2024-10-25,P039,2,257.83,515.66
O01299,C0146,2024-10-21,P027,2,96.36,192.72
O01299,C0146,2024-10-21,P016,1,30.4,30.4
O01300,C0543,2024-10-04,P017,4,201.22,804.88
O01301,C0045,2024-10-16,P044,3,142.35,427.05
O01302,C0397,2024-10-15,P046,2,201.03,402.06
O01302,C0397,2024-10-15,P043,1,29.54,29.54
O01303,C0568,2024-10-01,P038,2,216.22,432.44
O01304,C0760,2024-10-14,P018,3,296.36,889.08
O01305,C0044,2024-10-10,P036,1,527.91,527.91
O01305,C0044,2024-10-10,P034,1,259.38,259.38
O01306,C0275,2024-10-11,P047,3,102.85,308.55
O01307,C0561,2024-10-24,P011,1,215.54,215.54
O01308,C0382,2024-10-06,P010,2,108.97,217.94
O01308,C0382,2024-10-06,P039,1,257.83,257.83
O01309,C0350,2024-10-16,P009,2,152.01,304.02
O01310,C0794,2024-10-20,P045,1,618.02,618.02
O01311,C0640,2024-10-22,P021,1,375.86,375.86
O01312,C0507,2024-10-15,P048,4,188.57,754.28
O01313,C0487,2024-10-12,P003,1,49.77,49.77
O01314,C0423,2024-10-16,P047,4,102.85,411.4
O01314,C0423,2024-10-16,P019,2,317.52,635.04
O01314,C0423,2024-10-16,P048,1,188.57,188.57
O01315,C0421,2024-10-24,P034,1,259.38,259.38
O01316,C0668,2024-10-10,P033,1,616.01,616.01
O01317,C0036,2024-10-01,P025,1,13.87,13.87
O01318,C0327,2024-10-12,P012,1,91.75,91.75
O01319,C0537,2024-10-24,P012,1,91.75,91.75
O01320,C0463,2024-10-02,P026,2,32.56,65.12
O01321,C0026,2024-10-12,P010,1,108.97,108.97
O01322,C0145,2024-10-17,P018,1,296.36,296.36
O01322,C0145,2024-10-17,P018,1,296.36,296.36
O01323,C0624,2024-10-08,P012,1,91.75,91.75
O01324,C0021,2024-10-16,P037,1,303.43,303.43
O01324,C0021,2024-10-16,P037,1,303.43,303.43
O01325,C0454,2024-10-25,P028,3,11.25,33.75
O01326,C0320,2024-10-27,P019,1,317.52,317.52
O01327,C0739,2024-10-17,P038,1,216.22,216.22
O01328,C0524,2024-10-05,P017,3,201.22,603.66
O01329,C0425,2024-10-12,P001,1,776.86,776.86
O01329,C0425,2024-10-12,P022,1,363.71,363.71
O01330,C0436,2024-10-15,P029,3,355.82,1067.46
O01331,C0653,2024-10-07,P038,1,216.22,216.22
O01332,C0687,2024-10-19,P028,3,11.25,33.75
O01333,C0650,2024-10-23,P013,3,6.25,18.75
O01333,C0650,2024-10-23,P045,3,618.02,1854.06
O01333,C0650,2024-10-23,P021,1,375.86,375.86
O01334,C0424,2024-10-01,P022,1,363.71,363.71
O01335,C0453,2024-10-21,P046,1,201.03,201.03
O01336,C0383,2024-10-18,P041,1,718.47,718.47
O01337,C0583,2024-10-08,P047,1,102.85,102.85
O01337,C0583,2024-10-08,P012,1,91.75,91.75
O01338,C0075,2024-10-19,P046,1,201.03,201.03
O01338,C0075,2024-10-19,P022,3,363.71,1091.13
O01339,C0161,2024-10-19,P010,2,108.97,217.94
O01339,C0161,2024-10-19,P010,1,108.97,108.97
O01340,C0236,2024-10-26,P011,4,215.54,862.16
O01341,C0364,2024-10-20,P033,1,616.01,616.01
O01341,C0364,2024-10-20,P026,2,32.56,65.12
O01342,C0017,2024-10-15,P039,2,257.83,515.66
O01343,C0330,2024-10-05,P036,3,527.91,1583.73
O01344,C0038,2024-10-11,P047,3,102.85,308.55
O01345,C0157,2024-10-25,P017,1,201.22,201.22
O01346,C0599,2024-10-20,P034,4,259.38,1037.52
O01346,C0599,2024-10-20,P017,1,201.22,201.22
O01347,C0633,2024-10-04,P034,1,259.38,259.38
O01348,C0562,2024-10-23,P027,2,96.36,192.72
O01349,C0277,2024-10-19,P033,2,616.01,1232.02
O01349,C0277,2024-10-19,P022,2,363.71,727.42
O01349,C0277,2024-10-19,P045,1,618.02,618.02
O01350,C0255,2024-10-16,P048,2,188.57,377.14
O01351,C0353,2024-10-05,P028,4,11.25,45.0
O01351,C0353,2024-10-05,P009,2,152.01,304.02
O01352,C0289,2024-10-03,P017,1,201.22,201.22
O01352,C0289,2024-10-03,P029,1,355.82,355.82
O01353,C0205,2024-10-21,P015,3,44.73,134.19
O01353,C0205,2024-10-21,P016,1,30.4,30.4
O01354,C0573,2024-10-02,P033,1,616.01,616.01
O01355,C0086,2024-10-04,P025,1,13.87,13.87
O01356,C0206,2024-11-16,P009,1,152.01,152.01
O01356,C0206,2024-11-16,P028,1,11.25,11.25
O01357,C0636,2024-11-23,P015,3,44.73,134.19
O01358,C0194,2024-11-02,P036,1,527.91,527.91
O01359,C0560,2024-11-04,P005,1,76.2,76.2
O01360,C0598,2024-11-09,P001,2,776.86,1553.72
O01361,C0549,2024-11-20,P048,1,188.57,188.57
O01362,C0035,2024-11-24,P005,1,76.2,76.2
O01363,C0030,2024-11-19,P002,4,27.35,109.4
O01363,C0030,2024-11-19,P047,1,102.85,102.85
O01364,C0364,2024-11-01,P036,1,527.91,527.91
O01365,C0567,2024-11-19,P018,1,296.36,296.36
O01366,C0214,2024-11-20,P004,3,27.36,82.08
O01366,C0214,2024-11-20,P026,1,32.56,32.56
O01367,C0558,2024-11-05,P038,2,216.22,432.44
O01368,C0525,2024-11-06,P004,1,27.36,27.36
O01368,C0525,2024-11-06,P018,2,296.36,592.72
O01368,C0525,2024-11-06,P018,4,296.36,1185.44
O01369,C0314,2024-11-19,P017,2,201.22,402.44
O01369,C0314,2024-11-19,P010,3,108.97,326.91
O01369,C0314,2024-11-19,P001,1,776.86,776.86
O01370,C0408,2024-11-27,P048,1,188.57,188.57
O01371,C0347,2024-11-25,P038,3,216.22,648.66
O01371,C0347,2024-11-25,P048,1,188.57,188.57
O01371,C0347,2024-11-25,P040,1,13.38,13.38
O01372,C0744,2024-11-17,P032,3,353.08,1059.24
O01373,C0754,2024-11-17,P004,1,27.36,27.36
O01373,C0754,2024-11-17,P010,1,108.97,108.97
O01374,C0176,2024-11-01,P039,2,257.83,515.66
O01374,C0176,2024-11-01,P015,1,44.73,44.73
O01375,C0637,2024-11-05,P003,1,49.77,49.77
O01375,C0637,2024-11-05,P015,1,44.73,44.73
O01376,C0035,2024-11-07,P047,1,102.85,102.85
O01376,C0035,2024-11-07,P009,2,152.01,304.02
O01377,C0168,2024-11-15,P007,4,256.51,1026.04
O01378,C0201,2024-11-01,P020,3,146.07,438.21
O01379,C0776,2024-11-19,P014,1,9.95,9.95
O01380,C0710,2024-11-17,P041,1,718.47,718.47
O01380,C0710,2024-11-17,P021,1,375.86,375.86
O01381,C0206,2024-11-09,P046,1,201.03,201.03
O01382,C0226,2024-11-20,P024,3,135.44,406.32
O01382,C0226,2024-11-20,P008,1,14.18,14.18
O01383,C0462,2024-11-24,P019,2,317.52,635.04
O01384,C0035,2024-11-06,P008,1,14.18,14.18
O01385,C0199,2024-11-22,P040,4,13.38,53.52
O01385,C0199,2024-11-22,P041,3,718.47,2155.41
O01386,C0314,2024-11-13,P008,4,14.18,56.72
O01387,C0717,2024-11-12,P047,1,102.85,102.85
O01387,C0717,2024-11-12,P040,4,13.38,53.52
O01388,C0756,2024-11-24,P032,2,353.08,706.16
O01388,C0756,2024-11-24,P040,1,13.38,13.38
O01389,C0756,2024-11-10,P042,1,43.3,43.3
O01390,C0275,2024-11-04,P010,4,108.97,435.88
O01391,C0186,2024-11-28,P027,1,96.36,96.36
O01391,C0186,2024-11-28,P020,2,146.07,292.14
O01392,C0021,2024-11-01,P034,3,259.38,778.14
O01393,C0324,2024-11-24,P015,2,44.73,89.46
O01394,C0773,2024-11-03,P033,1,616.01,616.01
O01395,C0470,2024-11-07,P009,1,152.01,152.01
O01395,C0470,2024-11-07,P035,2,69.79,139.58
O01396,C0525,2024-11-06,P014,1,9.95,9.95
O01397,C0758,2024-11-13,P012,1,91.75,91.75
O01398,C0718,2024-11-21,P042,2,43.3,86.6
O01398,C0718,2024-11-21,P029,1,355.82,355.82
O01398,C0718,2024-11-21,P007,1,256.51,256.51
O01399,C0452,2024-11-13,P001,1,776.86,776.86
O01399,C0452,2024-11-13,P003,1,49.77,49.77
O01400,C0394,2024-11-06,P041,1,718.47,718.47
O01401,C0476,2024-11-24,P021,1,375.86,375.86
O01402,C0745,2024-11-20,P035,1,69.79,69.79
O01402,C0745,2024-11-20,P024,1,135.44,135.44
O01402,C0745,2024-11-20,P034,2,259.38,518.76
O01403,C0762,2024-11-26,P037,2,303.43,606.86
O01403,C0762,2024-11-26,P045,2,618.02,1236.04
O01404,C0316,2024-11-09,P028,2,11.25,22.5
O01404,C0316,2024-11-09,P043,1,29.54,29.54
O01405,C0149,2024-11-16,P022,1,363.71,363.71
O01405,C0149,2024-11-16,P046,1,201.03,201.03
O01406,C0357,2024-11-12,P013,1,6.25,6.25
O01407,C0785,2024-11-06,P026,1,32.56,32.56
O01408,C0639,2024-11-28,P037,1,303.43,303.43
O01409,C0008,2024-11-15,P047,1,102.85,102.85
O01409,C0008,2024-11-15,P034,1,259.38,259.38
O01409,C0008,2024-11-15,P030,2,301.86,603.72
O01410,C0619,2024-11-04,P043,1,29.54,29.54
O01410,C0619,2024-11-04,P046,1,201.03,201.03
O01411,C0188,2024-11-03,P036,1,527.91,527.91
O01412,C0053,2024-11-25,P048,3,188.57,565.71
O01413,C0356,2024-11-03,P017,4,201.22,804.88
O01414,C0362,2024-11-23,P010,2,108.97,217.94
O01415,C0030,2024-11-21,P024,1,135.44,135.44
O01415,C0030,2024-11-21,P002,3,27.35,82.05
O01416,C0155,2024-11-17,P027,1,96.36,96.36
O01417,C0237,2024-11-26,P046,1,201.03,201.03
O01417,C0237,2024-11-26,P036,2,527.91,1055.82
O01418,C0751,2024-11-23,P017,2,201.22,402.44
O01419,C0297,2024-11-11,P045,1,618.02,618.02
O01420,C0569,2024-11-27,P046,1,201.03,201.03
O01421,C0623,2024-11-20,P047,2,102.85,205.7
O01422,C0353,2024-11-26,P044,3,142.35,427.05
O01422,C0353,2024-11-26,P039,1,257.83,257.83
O01423,C0207,2024-11-09,P027,2,96.36,192.72
O01424,C0252,2024-11-10,P015,1,44.73,44.73
O01425,C0208,2024-11-20,P017,2,201.22,402.44
O01426,C0739,2024-11-08,P007,1,256.51,256.51
O01427,C0662,2024-11-17,P025,2,13.87,27.74
O01428,C0416,2024-11-25,P016,3,30.4,91.2
O01428,C0416,2024-11-25,P047,1,102.85,102.85
O01429,C0607,2024-11-07,P033,2,616.01,1232.02
O01430,C0314,2024-11-06,P012,1,91.75,91.75
O01431,C0324,2024-11-19,P027,1,96.36,96.36
O01431,C0324,2024-11-19,P047,1,102.85,102.85
O01432,C0669,2024-11-28,P012,1,91.75,91.75
O01432,C0669,2024-11-28,P029,1,355.82,355.82
O01433,C0774,2024-11-26,P012,1,91.75,91.75
O01433,C0774,2024-11-26,P028,1,11.25,11.25
O01434,C0673,2024-11-08,P043,1,29.54,29.54
O01434,C0673,2024-11-08,P025,1,13.87,13.87
O01435,C0091,2024-11-27,P033,2,616.01,1232.02
O01436,C0331,2024-11-12,P039,3,257.83,773.49
O01436,C0331,2024-11-12,P003,4,49.77,199.08
O01437,C0092,2024-11-24,P044,2,142.35,284.7
O01438,C0622,2024-11-06,P046,1,201.03,201.03
O01439,C0163,2024-11-05,P048,2,188.57,377.14
O01440,C0726,2024-11-09,P035,1,69.79,69.79
O01441,C0319,2024-11-24,P031,1,319.68,319.68
O01441,C0319,2024-11-24,P007,2,256.51,513.02
O01441,C0319,2024-11-24,P047,2,102.85,205.7
O01442,C0186,2024-11-07,P035,2,69.79,139.58
O01443,C0682,2024-11-04,P020,1,146.07,146.07
O01443,C0682,2024-11-04,P046,1,201.03,201.03
O01444,C0627,2024-11-04,P045,1,618.02,618.02
O01445,C0645,2024-11-20,P002,2,27.35,54.7
O01446,C0760,2024-11-05,P012,4,91.75,367.0
O01447,C0245,2024-11-18,P001,4,776.86,3107.44
O01447,C0245,2024-11-18,P006,1,309.91,309.91
O01448,C0459,2024-11-19,P043,4,29.54,118.16
O01449,C0048,2024-11-05,P048,4,188.57,754.28
O01450,C0288,2024-11-05,P038,1,216.22,216.22
O01451,C0059,2024-11-02,P003,1,49.77,49.77
O01452,C0644,2024-11-21,P004,1,27.36,27.36
O01452,C0644,2024-11-21,P034,2,259.38,518.76
O01453,C0483,2024-11-07,P001,1,776.86,776.86
O01453,C0483,2024-11-07,P028,1,11.25,11.25
O01454,C0601,2024-11-24,P045,4,618.02,2472.08
O01454,C0601,2024-11-24,P032,4,353.08,1412.32
O01454,C0601,2024-11-24,P047,2,102.85,205.7
O01455,C0156,2024-11-23,P017,1,201.22,201.22
O01456,C0257,2024-11-28,P043,1,29.54,29.54
O01456,C0257,2024-11-28,P013,1,6.25,6.25
O01457,C0684,2024-11-21,P038,1,216.22,216.22
O01457,C0684,2024-11-21,P016,2,30.4,60.8
O01457,C0684,2024-11-21,P021,1,375.86,375.86
O01458,C0315,2024-11-17,P006,1,309.91,309.91
O01459,C0312,2024-11-26,P036,2,527.91,1055.82
O01460,C0200,2024-11-27,P046,1,201.03,201.03
O01461,C0362,2024-11-20,P042,1,43.3,43.3
O01462,C0539,2024-11-27,P001,2,776.86,1553.72
O01463,C0119,2024-11-12,P028,2,11.25,22.5
O01464,C0372,2024-11-24,P006,2,309.91,619.82
O01464,C0372,2024-11-24,P031,4,319.68,1278.72
O01465,C0297,2024-11-24,P043,1,29.54,29.54
O01466,C0136,2024-11-09,P025,3,13.87,41.61
O01467,C0438,2024-11-03,P042,1,43.3,43.3
O01468,C0777,2024-11-02,P045,4,618.02,2472.08
O01469,C0051,2024-11-14,P042,2,43.3,86.6
O01470,C0011,2024-11-16,P038,1,216.22,216.22
O01470,C0011,2024-11-16,P023,2,306.62,613.24
O01471,C0768,2024-11-03,P009,2,152.01,304.02
O01472,C0171,2024-11-09,P040,1,13.38,13.38
O01473,C0327,2024-11-21,P011,2,215.54,431.08
O01474,C0454,2024-11-26,P018,1,296.36,296.36
O01474,C0454,2024-11-26,P015,1,44.73,44.73
O01475,C0502,2024-11-06,P002,3,27.35,82.05
O01476,C0584,2024-12-23,P026,2,32.56,65.12
O01477,C0421,2024-12-04,P033,3,616.01,1848.03
O01478,C0020,2024-12-05,P034,1,259.38,259.38
O01479,C0721,2024-12-13,P018,4,296.36,1185.44
O01480,C0693,2024-12-04,P027,1,96.36,96.36
O01480,C0693,2024-12-04,P017,1,201.22,201.22
O01481,C0333,2024-12-16,P043,2,29.54,59.08
O01482,C0325,2024-12-16,P028,3,11.25,33.75
O01482,C0325,2024-12-16,P021,1,375.86,375.86
O01483,C0328,2024-12-19,P024,1,135.44,135.44
O01484,C0672,2024-12-09,P017,4,201.22,804.88
O01485,C0309,2024-12-09,P028,2,11.25,22.5
O01486,C0065,2024-12-19,P018,2,296.36,592.72
O01487,C0359,2024-12-12,P003,1,49.77,49.77
O01488,C0577,2024-12-22,P043,1,29.54,29.54
O01488,C0577,2024-12-22,P039,1,257.83,257.83
O01488,C0577,2024-12-22,P033,3,616.01,1848.03
O01489,C0471,2024-12-20,P045,1,618.02,618.02
O01489,C0471,2024-12-20,P015,3,44.73,134.19
O01490,C0571,2024-12-20,P033,1,616.01,616.01
O01490,C0571,2024-12-20,P018,1,296.36,296.36
O01491,C0510,2024-12-09,P005,4,76.2,304.8
O01491,C0510,2024-12-09,P045,1,618.02,618.02
O01492,C0686,2024-12-02,P005,3,76.2,228.6
O01493,C0422,2024-12-19,P008,2,14.18,28.36
O01493,C0422,2024-12-19,P017,2,201.22,402.44
O01493,C0422,2024-12-19,P027,4,96.36,385.44
O01494,C0188,2024-12-17,P029,1,355.82,355.82
O01495,C0362,2024-12-25,P042,2,43.3,86.6
O01495,C0362,2024-12-25,P037,1,303.43,303.43
O01496,C0320,2024-12-23,P009,2,152.01,304.02
O01496,C0320,2024-12-23,P009,1,152.01,152.01
O01496,C0320,2024-12-23,P001,1,776.86,776.86
O01497,C0258,2024-12-26,P042,1,43.3,43.3
O01498,C0498,2024-12-20,P016,4,30.4,121.6
O01499,C0634,2024-12-17,P005,4,76.2,304.8
O01500,C0404,2024-12-06,P016,3,30.4,91.2
O01501,C0762,2024-12-16,P032,3,353.08,1059.24
O01502,C0381,2024-12-19,P018,2,296.36,592.72
O01502,C0381,2024-12-19,P041,1,718.47,718.47
O01503,C0018,2024-12-11,P034,1,259.38,259.38
O01504,C0418,2024-12-09,P022,1,363.71,363.71
O01504,C0418,2024-12-09,P039,1,257.83,257.83
O01505,C0021,2024-12-11,P012,1,91.75,91.75
O01505,C0021,2024-12-11,P003,3,49.77,149.31
O01506,C0225,2024-12-03,P001,3,776.86,2330.58
O01507,C0630,2024-12-16,P034,4,259.38,1037.52
O01507,C0630,2024-12-16,P041,1,718.47,718.47
O01508,C0236,2024-12-23,P017,4,201.22,804.88
O01508,C0236,2024-12-23,P010,1,108.97,108.97
O01509,C0003,2024-12-25,P031,1,319.68,319.68
O01510,C0422,2024-12-05,P044,1,142.35,142.35
O01511,C0736,2024-12-01,P039,2,257.83,515.66
O01511,C0736,2024-12-01,P008,2,14.18,28.36
O01512,C0274,2024-12-08,P029,4,355.82,1423.28
O01513,C0193,2024-12-15,P042,1,43.3,43.3
O01514,C0624,2024-12-15,P028,2,11.25,22.5
O01514,C0624,2024-12-15,P019,4,317.52,1270.08
O01514,C0624,2024-12-15,P012,2,91.75,183.5
O01515,C0131,2024-12-01,P006,1,309.91,309.91
O01516,C0589,2024-12-28,P018,3,296.36,889.08
O01517,C0109,2024-12-02,P040,2,13.38,26.76
O01517,C0109,2024-12-02,P036,2,527.91,1055.82
O01518,C0212,2024-12-12,P002,4,27.35,109.4
O01519,C0016,2024-12-21,P040,4,13.38,53.52
O01520,C0090,2024-12-21,P006,1,309.91,309.91
O01521,C0458,2024-12-01,P047,1,102.85,102.85
O01522,C0780,2024-12-15,P025,2,13.87,27.74
O01522,C0780,2024-12-15,P045,2,618.02,1236.04
O01523,C0595,2024-12-10,P030,2,301.86,603.72
O01523,C0595,2024-12-10,P028,2,11.25,22.5
O01524,C0569,2024-12-23,P007,2,256.51,513.02
O01524,C0569,2024-12-23,P023,3,306.62,919.86
O01525,C0240,2024-12-26,P015,3,44.73,134.19
O01526,C0139,2024-12-07,P023,3,306.62,919.86
O01527,C0295,2024-12-26,P022,2,363.71,727.42
O01527,C0295,2024-12-26,P017,4,201.22,804.88
O01528,C0503,2024-12-27,P039,4,257.83,1031.32
O01529,C0165,2024-12-15,P031,2,319.68,639.36
O01530,C0209,2024-12-01,P008,1,14.18,14.18
O01531,C0247,2024-12-15,P026,1,32.56,32.56
O01532,C0679,2024-12-14,P007,1,256.51,256.51
O01533,C0771,2024-12-18,P028,3,11.25,33.75
O01534,C0035,2024-12-10,P022,2,363.71,727.42
O01535,C0787,2024-12-19,P032,1,353.08,353.08
O01535,C0787,2024-12-19,P021,1,375.86,375.86
O01536,C0610,2024-12-02,P018,2,296.36,592.72
O01537,C0791,2024-12-19,P021,2,375.86,751.72
O01538,C0524,2024-12-08,P013,2,6.25,12.5
O01539,C0124,2024-12-20,P031,1,319.68,319.68
O01540,C0765,2024-12-18,P019,1,317.52,317.52
O01541,C0549,2024-12-25,P035,2,69.79,139.58
O01541,C0549,2024-12-25,P007,2,256.51,513.02
O01541,C0549,2024-12-25,P010,1,108.97,108.97
O01542,C0657,2024-12-02,P030,1,301.86,301.86
O01543,C0725,2024-12-24,P042,1,43.3,43.3
O01544,C0304,2024-12-01,P023,1,306.62,306.62
O01544,C0304,2024-12-01,P006,1,309.91,309.91
O01545,C0596,2024-12-11,P009,1,152.01,152.01
O01546,C0012,2024-12-15,P048,1,188.57,188.57
O01547,C0165,2024-12-09,P031,1,319.68,319.68
O01548,C0548,2024-12-12,P023,1,306.62,306.62
O01548,C0548,2024-12-12,P029,4,355.82,1423.28
O01549,C0760,2024-12-12,P006,1,309.91,309.91
O01550,C0121,2024-12-06,P002,1,27.35,27.35
O01551,C0452,2024-12-09,P014,4,9.95,39.8
O01552,C0275,2024-12-26,P024,1,135.44,135.44
O01553,C0526,2024-12-14,P034,3,259.38,778.14
O01554,C0068,2024-12-02,P030,1,301.86,301.86
O01555,C0789,2024-12-11,P007,2,256.51,513.02
O01555,C0789,2024-12-11,P011,2,215.54,431.08
O01556,C0538,2024-12-19,P034,2,259.38,518.76
O01557,C0495,2024-12-22,P022,1,363.71,363.71
O01557,C0495,2024-12-22,P012,2,91.75,183.5
O01558,C0617,2024-12-08,P005,1,76.2,76.2
O01559,C0661,2024-12-16,P016,1,30.4,30.4
O01560,C0085,2024-12-23,P011,1,215.54,215.54
O01561,C0120,2024-12-15,P008,1,14.18,14.18
O01562,C0179,2024-12-16,P034,1,259.38,259.38
O01563,C0275,2024-12-04,P021,1,375.86,375.86
O01564,C0483,2024-12-01,P030,1,301.86,301.86
O01565,C0576,2024-12-11,P038,1,216.22,216.22
O01565,C0576,2024-12-11,P034,1,259.38,259.38
O01566,C0022,2024-12-17,P003,1,49.77,49.77
O01567,C0369,2024-12-23,P041,2,718.47,1436.94
O01568,C0583,2024-12-19,P025,4,13.87,55.48
O01568,C0583,2024-12-19,P033,1,616.01,616.01
O01568,C0583,2024-12-19,P018,1,296.36,296.36
O01569,C0089,2024-12-07,P029,1,355.82,355.82
O01570,C0303,2024-12-27,P037,1,303.43,303.43
O01571,C0603,2024-12-10,P038,1,216.22,216.22
O01571,C0603,2024-12-10,P031,2,319.68,639.36
O01572,C0535,2024-12-05,P042,1,43.3,43.3
O01572,C0535,2024-12-05,P028,2,11.25,22.5
O01573,C0624,2024-12-24,P039,2,257.83,515.66
O01573,C0624,2024-12-24,P027,1,96.36,96.36
O01574,C0643,2024-12-23,P016,1,30.4,30.4
O01574,C0643,2024-12-23,P007,1,256.51,256.51
O01575,C0394,2024-12-05,P011,2,215.54,431.08
O01576,C0155,2024-12-01,P005,2,76.2,152.4
O01577,C0671,2024-12-12,P006,4,309.91,1239.64
O01578,C0639,2024-12-03,P028,1,11.25,11.25
O01579,C0215,2024-12-28,P024,2,135.44,270.88
O01579,C0215,2024-12-28,P037,1,303.43,303.43
O01580,C0405,2024-12-13,P015,1,44.73,44.73
O01580,C0405,2024-12-13,P042,2,43.3,86.6
O01581,C0321,2024-12-05,P007,2,256.51,513.02
O01581,C0321,2024-12-05,P013,1,6.25,6.25
O01581,C0321,2024-12-05,P012,2,91.75,183.5
O01582,C0493,2024-12-12,P016,3,30.4,91.2
O01582,C0493,2024-12-12,P012,1,91.75,91.75
O01583,C0685,2024-12-16,P036,2,527.91,1055.82
O01584,C0381,2024-12-14,P016,1,30.4,30.4
O01585,C0109,2024-12-05,P009,1,152.01,152.01
O01586,C0778,2024-12-06,P010,1,108.97,108.97
O01586,C0778,2024-12-06,P027,2,96.36,192.72
O01587,C0211,2024-12-26,P048,4,188.57,754.28
O01587,C0211,2024-12-26,P040,2,13.38,26.76
O01588,C0005,2024-12-27,P017,3,201.22,603.66
O01588,C0005,2024-12-27,P016,2,30.4,60.8
O01588,C0005,2024-12-27,P011,3,215.54,646.62
O01589,C0621,2024-12-02,P019,2,317.52,635.04
O01590,C0603,2024-12-21,P029,2,355.82,711.64
O01590,C0603,2024-12-21,P043,4,29.54,118.16
O01591,C0404,2024-12-06,P001,2,776.86,1553.72
O01591,C0404,2024-12-06,P004,1,27.36,27.36
O01591,C0404,2024-12-06,P028,1,11.25,11.25
O01592,C0455,2024-12-10,P004,2,27.36,54.72
O01592,C0455,2024-12-10,P046,2,201.03,402.06
O01593,C0140,2024-12-01,P009,1,152.01,152.01
O01594,C0718,2024-12-17,P001,3,776.86,2330.58
O01594,C0718,2024-12-17,P029,2,355.82,711.64
O01595,C0615,2024-12-23,P014,1,9.95,9.95
O01595,C0615,2024-12-23,P019,1,317.52,317.52
O01595,C0615,2024-12-23,P036,1,527.91,527.91
O01596,C0478,2024-12-17,P009,4,152.01,608.04
O01596,C0478,2024-12-17,P047,1,102.85,102.85
O01597,C0203,2024-12-16,P011,3,215.54,646.62
O01598,C0322,2024-12-17,P025,1,13.87,13.87
O01599,C0379,2024-12-24,P020,2,146.07,292.14
O01600,C0612,2024-12-16,P014,2,9.95,19.9
O01600,C0612,2024-12-16,P001,1,776.86,776.86
O01601,C0650,2024-12-09,P003,1,49.77,49.77
O01601,C0650,2024-12-09,P034,1,259.38,259.38
O01602,C0117,2024-12-21,P039,1,257.83,257.83
O01602,C0117,2024-12-21,P031,1,319.68,319.68
O01602,C0117,2024-12-21,P038,1,216.22,216.22
O01603,C0123,2024-12-08,P029,1,355.82,355.82
O01603,C0123,2024-12-08,P015,2,44.73,89.46
O01604,C0627,2024-12-20,P037,1,303.43,303.43
O01605,C0420,2024-12-04,P027,1,96.36,96.36
O01606,C0243,2024-12-25,P009,3,152.01,456.03
O01607,C0141,2024-12-22,P017,1,201.22,201.22
O01608,C0759,2024-12-26,P020,1,146.07,146.07
O01608,C0759,2024-12-26,P034,1,259.38,259.38
O01609,C0188,2024-12-08,P025,1,13.87,13.87
O01609,C0188,2024-12-08,P038,1,216.22,216.22
O01610,C0346,2024-12-20,P026,3,32.56,97.68
O01611,C0721,2024-12-21,P032,1,353.08,353.08
O01612,C0598,2024-12-03,P017,1,201.22,201.22
O01613,C0202,2024-12-21,P040,1,13.38,13.38
O01613,C0202,2024-12-21,P019,2,317.52,635.04
O01613,C0202,2024-12-21,P041,1,718.47,718.47
O01614,C0226,2024-12-15,P047,4,102.85,411.4
O01614,C0226,2024-12-15,P046,1,201.03,201.03
O01615,C0175,2024-12-17,P021,1,375.86,375.86
O01615,C0175,2024-12-17,P007,1,256.51,256.51
O01615,C0175,2024-12-17,P006,2,309.91,619.82
O01616,C0699,2024-12-23,P046,2,201.03,402.06
O01616,C0699,2024-12-23,P003,1,49.77,49.77
O01617,C0351,2024-12-05,P001,1,776.86,776.86
O01618,C0401,2024-12-05,P047,1,102.85,102.85
O01619,C0173,2024-12-19,P028,2,11.25,22.5
O01619,C0173,2024-12-19,P001,1,776.86,776.86
O01620,C0784,2024-12-11,P024,1,135.44,135.44
O01620,C0784,2024-12-11,P027,1,96.36,96.36
O01621,C0752,2024-12-15,P035,1,69.79,69.79
O01622,C0731,2024-12-14,P042,3,43.3,129.9
O01623,C0677,2024-12-02,P037,1,303.43,303.43
O01624,C0063,2024-12-06,P045,2,618.02,1236.04
O01624,C0063,2024-12-06,P038,2,216.22,432.44
O01625,C0426,2024-12-10,P031,2,319.68,639.36
O01625,C0426,2024-12-10,P047,1,102.85,102.85
O01626,C0599,2025-01-02,P002,3,27.35,82.05
O01627,C0732,2025-01-06,P038,1,216.22,216.22
O01628,C0293,2025-01-24,P045,1,618.02,618.02
O01628,C0293,2025-01-24,P006,2,309.91,619.82
O01629,C0779,2025-01-21,P042,1,43.3,43.3
O01630,C0396,2025-01-01,P039,1,257.83,257.83
O01631,C0565,2025-01-25,P027,1,96.36,96.36
O01631,C0565,2025-01-25,P034,2,259.38,518.76
O01632,C0359,2025-01-03,P043,4,29.54,118.16
O01633,C0123,2025-01-24,P005,2,76.2,152.4
O01633,C0123,2025-01-24,P019,3,317.52,952.56
O01634,C0415,2025-01-09,P030,1,301.86,301.86
O01634,C0415,2025-01-09,P044,2,142.35,284.7
O01634,C0415,2025-01-09,P010,2,108.97,217.94
O01635,C0420,2025-01-01,P040,1,13.38,13.38
O01636,C0289,2025-01-10,P023,3,306.62,919.86
O01636,C0289,2025-01-10,P020,1,146.07,146.07
O01636,C0289,2025-01-10,P005,3,76.2,228.6
O01637,C0232,2025-01-10,P027,1,96.36,96.36
O01638,C0727,2025-01-04,P034,2,259.38,518.76
O01639,C0292,2025-01-01,P015,1,44.73,44.73
O01640,C0072,2025-01-12,P032,1,353.08,353.08
O01640,C0072,2025-01-12,P019,2,317.52,635.04
O01640,C0072,2025-01-12,P002,2,27.35,54.7
O01641,C0736,2025-01-08,P041,2,718.47,1436.94
O01641,C0736,2025-01-08,P010,1,108.97,108.97
O01641,C0736,2025-01-08,P048,3,188.57,565.71
O01642,C0737,2025-01-24,P024,2,135.44,270.88
O01642,C0737,2025-01-24,P023,1,306.62,306.62
O01642,C0737,2025-01-24,P018,1,296.36,296.36
O01643,C0483,2025-01-10,P029,1,355.82,355.82
O01643,C0483,2025-01-10,P032,1,353.08,353.08
O01644,C0173,2025-01-20,P032,2,353.08,706.16
O01644,C0173,2025-01-20,P028,3,11.25,33.75
O01645,C0102,2025-01-13,P034,1,259.38,259.38
O01646,C0635,2025-01-14,P041,1,718.47,718.47
O01647,C0094,2025-01-25,P002,1,27.35,27.35
O01648,C0479,2025-01-23,P036,2,527.91,1055.82
O01649,C0340,2025-01-01,P026,1,32.56,32.56
O01650,C0067,2025-01-07,P040,1,13.38,13.38
O01651,C0370,2025-01-06,P027,1,96.36,96.36
O01651,C0370,2025-01-06,P048,1,188.57,188.57
O01651,C0370,2025-01-06,P025,2,13.87,27.74
O01652,C0459,2025-01-21,P017,1,201.22,201.22
O01652,C0459,2025-01-21,P010,3,108.97,326.91
O01653,C0728,2025-01-11,P001,1,776.86,776.86
O01653,C0728,2025-01-11,P018,1,296.36,296.36
O01653,C0728,2025-01-11,P004,3,27.36,82.08
O01654,C0347,2025-01-05,P008,2,14.18,28.36
O01655,C0654,2025-01-24,P012,3,91.75,275.25
O01656,C0769,2025-01-28,P017,4,201.22,804.88
O01656,C0769,2025-01-28,P034,2,259.38,518.76
O01657,C0206,2025-01-12,P014,1,9.95,9.95
O01657,C0206,2025-01-12,P003,1,49.77,49.77
O01658,C0588,2025-01-04,P029,2,355.82,711.64
O01659,C0088,2025-01-14,P037,1,303.43,303.43
O01659,C0088,2025-01-14,P016,1,30.4,30.4
O01660,C0026,2025-01-27,P003,1,49.77,49.77
O01661,C0541,2025-01-28,P035,1,69.79,69.79
O01662,C0046,2025-01-11,P007,1,256.51,256.51
O01663,C0277,2025-01-20,P026,1,32.56,32.56
O01663,C0277,2025-01-20,P003,1,49.77,49.77
O01663,C0277,2025-01-20,P044,1,142.35,142.35
O01664,C0232,2025-01-07,P003,3,49.77,149.31
O01665,C0261,2025-01-01,P033,1,616.01,616.01
O01666,C0171,2025-01-12,P021,1,375.86,375.86
O01667,C0100,2025-01-21,P015,2,44.73,89.46
O01668,C0334,2025-01-01,P020,4,146.07,584.28
O01669,C0723,2025-01-04,P024,2,135.44,270.88
O01670,C0270,2025-01-02,P030,1,301.86,301.86
O01671,C0080,2025-01-21,P048,4,188.57,754.28
O01671,C0080,2025-01-21,P024,2,135.44,270.88
O01672,C0597,2025-01-11,P037,1,303.43,303.43
O01672,C0597,2025-01-11,P006,1,309.91,309.91
O01673,C0235,2025-01-18,P013,1,6.25,6.25
O01674,C0317,2025-01-16,P013,1,6.25,6.25
O01675,C0235,2025-01-14,P008,1,14.18,14.18
O01675,C0235,2025-01-14,P015,1,44.73,44.73
O01675,C0235,2025-01-14,P017,3,201.22,603.66
O01676,C0775,2025-01-18,P013,2,6.25,12.5
O01677,C0197,2025-01-01,P046,1,201.03,201.03
O01678,C0346,2025-01-04,P039,4,257.83,1031.32
O01679,C0596,2025-01-28,P048,1,188.57,188.57
O01679,C0596,2025-01-28,P007,1,256.51,256.51
O01680,C0783,2025-01-03,P017,1,201.22,201.22
O01680,C0783,2025-01-03,P048,4,188.57,754.28
O01681,C0661,2025-01-01,P038,1,216.22,216.22
O01681,C0661,2025-01-01,P045,2,618.02,1236.04
O01682,C0053,2025-01-23,P029,1,355.82,355.82
O01682,C0053,2025-01-23,P012,1,91.75,91.75
O01682,C0053,2025-01-23,P015,2,44.73,89.46
O01683,C0089,2025-01-23,P001,1,776.86,776.86
O01683,C0089,2025-01-23,P015,1,44.73,44.73
O01683,C0089,2025-01-23,P037,1,303.43,303.43
O01684,C0203,2025-01-06,P029,1,355.82,355.82
O01685,C0319,2025-01-18,P012,1,91.75,91.75
O01685,C0319,2025-01-18,P012,2,91.75,183.5
O01686,C0719,2025-01-22,P010,1,108.97,108.97
O01686,C0719,2025-01-22,P011,3,215.54,646.62
O01687,C0217,2025-01-11,P020,1,146.07,146.07
O01688,C0788,2025-01-21,P034,1,259.38,259.38
O01688,C0788,2025-01-21,P009,1,152.01,152.01
O01689,C0572,2025-01-21,P041,3,718.47,2155.41
O01689,C0572,2025-01-21,P013,2,6.25,12.5
O01689,C0572,2025-01-21,P004,4,27.36,109.44
O01690,C0082,2025-01-18,P001,3,776.86,2330.58
O01691,C0037,2025-01-06,P003,4,49.77,199.08
O01692,C0447,2025-01-27,P022,1,363.71,363.71
O01692,C0447,2025-01-27,P023,1,306.62,306.62
O01692,C0447,2025-01-27,P010,3,108.97,326.91
O01693,C0082,2025-01-02,P027,1,96.36,96.36
O01694,C0750,2025-01-12,P039,1,257.83,257.83
O01694,C0750,2025-01-12,P034,1,259.38,259.38
O01695,C0426,2025-01-11,P035,2,69.79,139.58
O01696,C0748,2025-01-15,P005,1,76.2,76.2
O01696,C0748,2025-01-15,P006,2,309.91,619.82
O01697,C0196,2025-01-13,P001,3,776.86,2330.58
O01698,C0450,2025-01-26,P045,1,618.02,618.02
O01699,C0514,2025-01-19,P027,2,96.36,192.72
O01700,C0620,2025-01-05,P021,1,375.86,375.86
O01700,C0620,2025-01-05,P043,2,29.54,59.08
O01700,C0620,2025-01-05,P007,2,256.51,513.02
O01701,C0077,2025-01-05,P014,2,9.95,19.9
O01702,C0778,2025-01-14,P023,1,306.62,306.62
O01703,C0417,2025-01-15,P003,2,49.77,99.54
O01704,C0349,2025-01-02,P002,2,27.35,54.7
O01705,C0491,2025-01-05,P040,1,13.38,13.38
O01706,C0002,2025-01-17,P009,1,152.01,152.01
O01707,C0044,2025-01-17,P041,2,718.47,1436.94
O01708,C0012,2025-01-17,P015,2,44.73,89.46
O01709,C0667,2025-01-21,P002,1,27.35,27.35
O01709,C0667,2025-01-21,P034,2,259.38,518.76
O01710,C0278,2025-01-07,P033,4,616.01,2464.04
O01711,C0052,2025-01-19,P038,1,216.22,216.22
O01712,C0056,2025-01-05,P022,1,363.71,363.71
O01712,C0056,2025-01-05,P002,1,27.35,27.35
O01713,C0611,2025-01-12,P034,2,259.38,518.76
O01713,C0611,2025-01-12,P002,3,27.35,82.05
O01714,C0617,2025-01-28,P005,4,76.2,304.8
O01714,C0617,2025-01-28,P026,1,32.56,32.56
O01715,C0459,2025-01-16,P048,1,188.57,188.57
O01716,C0104,2025-01-05,P018,1,296.36,296.36
O01717,C0336,2025-01-14,P045,1,618.02,618.02
O01718,C0695,2025-01-25,P012,1,91.75,91.75
O01718,C0695,2025-01-25,P012,2,91.75,183.5
O01719,C0331,2025-01-24,P007,2,256.51,513.02
O01720,C0169,2025-01-06,P033,3,616.01,1848.03
O01721,C0009,2025-01-22,P009,2,152.01,304.02
O01721,C0009,2025-01-22,P032,1,353.08,353.08
O01722,C0522,2025-01-13,P015,1,44.73,44.73
O01722,C0522,2025-01-13,P030,1,301.86,301.86
O01723,C0309,2025-01-20,P032,1,353.08,353.08
O01723,C0309,2025-01-20,P017,1,201.22,201.22
O01724,C0489,2025-01-27,P038,1,216.22,216.22
O01724,C0489,2025-01-27,P027,2,96.36,192.72
O01725,C0512,2025-01-15,P004,1,27.36,27.36
O01725,C0512,2025-01-15,P003,2,49.77,99.54
O01725,C0512,2025-01-15,P020,2,146.07,292.14
O01726,C0163,2025-01-27,P038,1,216.22,216.22
O01727,C0198,2025-01-20,P013,1,6.25,6.25
O01727,C0198,2025-01-20,P024,2,135.44,270.88
O01728,C0519,2025-01-13,P010,1,108.97,108.97
O01728,C0519,2025-01-13,P027,2,96.36,192.72
O01729,C0219,2025-01-15,P009,4,152.01,608.04
O01730,C0451,2025-01-15,P034,2,259.38,518.76
O01731,C0319,2025-01-08,P033,1,616.01,616.01
O01732,C0422,2025-01-11,P017,1,201.22,201.22
O01732,C0422,2025-01-11,P030,2,301.86,603.72
O01732,C0422,2025-01-11,P039,1,257.83,257.83
O01733,C0054,2025-01-04,P002,2,27.35,54.7
O01734,C0144,2025-01-11,P047,1,102.85,102.85
O01734,C0144,2025-01-11,P006,1,309.91,309.91
O01735,C0219,2025-01-11,P047,1,102.85,102.85
O01736,C0665,2025-01-18,P029,2,355.82,711.64
O01737,C0181,2025-01-28,P005,1,76.2,76.2
O01738,C0733,2025-01-11,P035,2,69.79,139.58
O01738,C0733,2025-01-11,P027,1,96.36,96.36
O01738,C0733,2025-01-11,P048,4,188.57,754.28
O01739,C0576,2025-01-16,P018,2,296.36,592.72
O01739,C0576,2025-01-16,P029,1,355.82,355.82
O01739,C0576,2025-01-16,P036,2,527.91,1055.82
O01740,C0067,2025-01-15,P037,1,303.43,303.43
O01740,C0067,2025-01-15,P044,4,142.35,569.4
O01740,C0067,2025-01-15,P008,2,14.18,28.36
O01741,C0708,2025-01-19,P004,1,27.36,27.36
O01742,C0489,2025-01-04,P020,2,146.07,292.14
O01742,C0489,2025-01-04,P011,2,215.54,431.08
O01742,C0489,2025-01-04,P028,1,11.25,11.25
O01743,C0505,2025-01-27,P028,2,11.25,22.5
O01743,C0505,2025-01-27,P034,2,259.38,518.76
O01744,C0149,2025-01-03,P004,1,27.36,27.36
O01745,C0108,2025-01-08,P023,4,306.62,1226.48
O01745,C0108,2025-01-08,P009,3,152.01,456.03
O01746,C0325,2025-01-11,P045,3,618.02,1854.06
O01747,C0110,2025-01-24,P031,1,319.68,319.68
O01748,C0767,2025-01-03,P005,1,76.2,76.2
O01749,C0408,2025-01-15,P040,1,13.38,13.38
O01750,C0001,2025-01-18,P015,3,44.73,134.19
O01750,C0001,2025-01-18,P024,1,135.44,135.44
O01750,C0001,2025-01-18,P023,1,306.62,306.62
O01751,C0686,2025-01-07,P034,4,259.38,1037.52
O01752,C0699,2025-01-27,P024,2,135.44,270.88
O01753,C0420,2025-01-02,P014,2,9.95,19.9
O01753,C0420,2025-01-02,P021,1,375.86,375.86
O01754,C0421,2025-01-27,P045,2,618.02,1236.04
O01755,C0024,2025-01-03,P004,1,27.36,27.36
O01756,C0017,2025-01-08,P031,2,319.68,639.36
O01757,C0171,2025-02-04,P022,2,363.71,727.42
O01758,C0501,2025-02-28,P027,3,96.36,289.08
O01759,C0257,2025-02-03,P032,2,353.08,706.16
O01759,C0257,2025-02-03,P006,1,309.91,309.91
O01760,C0210,2025-02-21,P005,1,76.2,76.2
O01761,C0445,2025-02-05,P033,1,616.01,616.01
O01762,C0185,2025-02-20,P047,3,102.85,308.55
O01763,C0180,2025-02-28,P039,1,257.83,257.83
O01763,C0180,2025-02-28,P010,2,108.97,217.94
O01764,C0423,2025-02-28,P007,1,256.51,256.51
O01764,C0423,2025-02-28,P006,2,309.91,619.82
O01765,C0731,2025-02-27,P024,1,135.44,135.44
O01766,C0649,2025-02-10,P027,1,96.36,96.36
O01766,C0649,2025-02-10,P026,1,32.56,32.56
O01767,C0186,2025-02-20,P040,4,13.38,53.52
O01768,C0147,2025-02-13,P025,4,13.87,55.48
O01769,C0161,2025-02-11,P012,2,91.75,183.5
O01769,C0161,2025-02-11,P034,1,259.38,259.38
O01769,C0161,2025-02-11,P014,1,9.95,9.95
O01770,C0042,2025-02-04,P001,2,776.86,1553.72
O01771,C0738,2025-02-21,P036,4,527.91,2111.64
O01772,C0587,2025-02-25,P036,2,527.91,1055.82
O01772,C0587,2025-02-25,P046,1,201.03,201.03
O01773,C0180,2025-02-08,P046,2,201.03,402.06
O01773,C0180,2025-02-08,P036,1,527.91,527.91
O01774,C0775,2025-02-21,P016,1,30.4,30.4
O01774,C0775,2025-02-21,P048,3,188.57,565.71
O01775,C0457,2025-02-18,P030,2,301.86,603.72
O01776,C0146,2025-02-05,P048,3,188.57,565.71
O01776,C0146,2025-02-05,P005,1,76.2,76.2
O01777,C0407,2025-02-13,P012,1,91.75,91.75
O01778,C0161,2025-02-02,P041,1,718.47,718.47
O01778,C0161,2025-02-02,P025,3,13.87,41.61
O01779,C0539,2025-02-13,P040,1,13.38,13.38
O01780,C0566,2025-02-27,P031,2,319.68,639.36
O01781,C0289,2025-02-17,P013,1,6.25,6.25
O01781,C0289,2025-02-17,P042,4,43.3,173.2
O01782,C0593,2025-02-27,P048,3,188.57,565.71
O01782,C0593,2025-02-27,P027,4,96.36,385.44
O01782,C0593,2025-02-27,P014,4,9.95,39.8
O01783,C0444,2025-02-15,P027,2,96.36,192.72
O01784,C0088,2025-02-07,P034,1,259.38,259.38
O01785,C0434,2025-02-17,P045,1,618.02,618.02
O01786,C0767,2025-02-17,P007,3,256.51,769.53
O01787,C0581,2025-02-25,P001,1,776.86,776.86
O01788,C0122,2025-02-02,P009,1,152.01,152.01
O01788,C0122,2025-02-02,P044,1,142.35,142.35
O01789,C0440,2025-02-24,P023,1,306.62,306.62
O01790,C0252,2025-02-07,P030,4,301.86,1207.44
O01791,C0093,2025-02-01,P014,1,9.95,9.95
O01792,C0339,2025-02-22,P034,2,259.38,518.76
O01792,C0339,2025-02-22,P038,3,216.22,648.66
O01792,C0339,2025-02-22,P025,3,13.87,41.61
O01793,C0324,2025-02-13,P039,1,257.83,257.83
O01794,C0192,2025-02-08,P030,1,301.86,301.86
O01795,C0677,2025-02-02,P036,1,527.91,527.91
O01795,C0677,2025-02-02,P003,2,49.77,99.54
O01795,C0677,2025-02-02,P018,3,296.36,889.08
O01796,C0051,2025-02-07,P017,4,201.22,804.88
O01797,C0486,2025-02-20,P015,4,44.73,178.92
O01798,C0314,2025-02-05,P031,1,319.68,319.68
O01799,C0472,2025-02-13,P009,2,152.01,304.02
O01799,C0472,2025-02-13,P014,1,9.95,9.95
O01800,C0409,2025-02-04,P028,3,11.25,33.75
O01800,C0409,2025-02-04,P002,2,27.35,54.7
O01801,C0635,2025-02-28,P043,1,29.54,29.54
O01801,C0635,2025-02-28,P012,3,91.75,275.25
O01802,C0766,2025-02-11,P016,2,30.4,60.8
O01803,C0507,2025-02-13,P003,1,49.77,49.77
O01803,C0507,2025-02-13,P026,1,32.56,32.56
O01804,C0406,2025-02-25,P001,1,776.86,776.86
O01805,C0590,2025-02-27,P022,1,363.71,363.71
O01806,C0769,2025-02-19,P020,1,146.07,146.07
O01806,C0769,2025-02-19,P005,2,76.2,152.4
O01807,C0067,2025-02-21,P022,1,363.71,363.71
O01808,C0623,2025-02-12,P006,2,309.91,619.82
O01808,C0623,2025-02-12,P016,1,30.4,30.4
O01809,C0652,2025-02-22,P025,1,13.87,13.87
O01809,C0652,2025-02-22,P006,2,309.91,619.82
O01810,C0414,2025-02-13,P011,1,215.54,215.54
O01811,C0541,2025-02-26,P041,1,718.47,718.47
O01812,C0097,2025-02-24,P003,2,49.77,99.54
O01813,C0644,2025-02-01,P046,1,201.03,201.03
O01814,C0047,2025-02-10,P003,2,49.77,99.54
O01815,C0046,2025-02-21,P010,2,108.97,217.94
O01816,C0695,2025-02-06,P003,2,49.77,99.54
O01817,C0631,2025-02-09,P033,1,616.01,616.01
O01818,C0504,2025-02-10,P047,1,102.85,102.85
O01819,C0625,2025-02-01,P005,3,76.2,228.6
O01820,C0708,2025-02-27,P044,1,142.35,142.35
O01821,C0146,2025-02-11,P041,1,718.47,718.47
O01822,C0728,2025-02-24,P022,2,363.71,727.42
O01823,C0155,2025-02-07,P046,3,201.03,603.09
O01823,C0155,2025-02-07,P035,1,69.79,69.79
O01824,C0464,2025-02-05,P004,4,27.36,109.44
O01825,C0681,2025-02-14,P029,1,355.82,355.82
O01826,C0797,2025-02-18,P028,3,11.25,33.75
O01827,C0443,2025-02-14,P019,1,317.52,317.52
O01828,C0602,2025-02-08,P030,1,301.86,301.86
O01828,C0602,2025-02-08,P018,1,296.36,296.36
O01829,C0426,2025-02-03,P012,1,91.75,91.75
O01829,C0426,2025-02-03,P030,1,301.86,301.86
O01830,C0086,2025-02-05,P015,4,44.73,178.92
O01831,C0048,2025-02-20,P003,1,49.77,49.77
O01832,C0249,2025-02-23,P005,1,76.2,76.2
O01833,C0740,2025-02-26,P040,1,13.38,13.38
O01833,C0740,2025-02-26,P035,1,69.79,69.79
O01834,C0162,2025-02-05,P040,1,13.38,13.38
O01834,C0162,2025-02-05,P014,1,9.95,9.95
O01835,C0283,2025-02-20,P006,1,309.91,309.91
O01835,C0283,2025-02-20,P018,3,296.36,889.08
O01836,C0181,2025-02-07,P036,1,527.91,527.91
O01836,C0181,2025-02-07,P002,2,27.35,54.7
O01837,C0733,2025-02-22,P025,3,13.87,41.61
O01838,C0275,2025-02-16,P026,2,32.56,65.12
O01838,C0275,2025-02-16,P032,2,353.08,706.16
O01839,C0264,2025-02-26,P017,2,201.22,402.44
O01840,C0162,2025-02-25,P025,2,13.87,27.74
O01841,C0019,2025-02-16,P025,3,13.87,41.61
O01841,C0019,2025-02-16,P016,1,30.4,30.4
O01842,C0466,2025-02-18,P011,1,215.54,215.54
O01842,C0466,2025-02-18,P013,1,6.25,6.25
O01843,C0315,2025-02-16,P017,3,201.22,603.66
O01844,C0087,2025-02-14,P010,2,108.97,217.94
O01845,C0575,2025-02-02,P008,2,14.18,28.36
O01846,C0778,2025-02-20,P002,1,27.35,27.35
O01846,C0778,2025-02-20,P037,2,303.43,606.86
O01847,C0061,2025-02-12,P024,3,135.44,406.32
O01848,C0091,2025-02-09,P001,2,776.86,1553.72
O01849,C0219,2025-02-11,P034,1,259.38,259.38
O01849,C0219,2025-02-11,P029,2,355.82,711.64
O01849,C0219,2025-02-11,P038,1,216.22,216.22
O01850,C0160,2025-02-01,P032,2,353.08,706.16
O01850,C0160,2025-02-01,P012,1,91.75,91.75
O01851,C0777,2025-02-01,P017,1,201.22,201.22
O01851,C0777,2025-02-01,P040,2,13.38,26.76
O01851,C0777,2025-02-01,P030,2,301.86,603.72
O01852,C0382,2025-02-06,P007,1,256.51,256.51
O01853,C0194,2025-02-13,P027,4,96.36,385.44
O01854,C0115,2025-02-18,P001,1,776.86,776.86
O01855,C0526,2025-02-18,P010,2,108.97,217.94
O01856,C0427,2025-02-19,P005,1,76.2,76.2
O01856,C0427,2025-02-19,P032,1,353.08,353.08
O01856,C0427,2025-02-19,P031,2,319.68,639.36
O01857,C0280,2025-02-24,P038,1,216.22,216.22
O01858,C0101,2025-02-20,P001,2,776.86,1553.72
O01858,C0101,2025-02-20,P048,4,188.57,754.28
O01858,C0101,2025-02-20,P030,3,301.86,905.58
O01859,C0407,2025-02-23,P027,1,96.36,96.36
O01860,C0268,2025-02-14,P017,1,201.22,201.22
O01861,C0310,2025-02-10,P002,1,27.35,27.35
O01862,C0248,2025-02-05,P018,2,296.36,592.72
O01863,C0172,2025-02-20,P023,1,306.62,306.62
O01864,C0030,2025-02-11,P008,4,14.18,56.72
O01865,C0224,2025-02-06,P022,1,363.71,363.71
O01866,C0581,2025-02-01,P003,4,49.77,199.08
O01867,C0725,2025-02-03,P027,1,96.36,96.36
O01867,C0725,2025-02-03,P039,2,257.83,515.66
O01868,C0547,2025-02-05,P040,4,13.38,53.52
O01869,C0250,2025-02-17,P011,4,215.54,862.16
O01870,C0142,2025-02-05,P011,2,215.54,431.08
O01870,C0142,2025-02-05,P032,2,353.08,706.16
O01871,C0705,2025-02-21,P032,4,353.08,1412.32
O01872,C0800,2025-02-10,P044,1,142.35,142.35
O01872,C0800,2025-02-10,P016,1,30.4,30.4
O01873,C0430,2025-02-06,P024,2,135.44,270.88
O01873,C0430,2025-02-06,P006,1,309.91,309.91
O01874,C0266,2025-02-20,P031,4,319.68,1278.72
O01875,C0029,2025-02-20,P031,2,319.68,639.36
O01876,C0019,2025-02-23,P020,1,146.07,146.07
O01876,C0019,2025-02-23,P032,1,353.08,353.08
O01877,C0012,2025-02-22,P036,3,527.91,1583.73
O01877,C0012,2025-02-22,P005,3,76.2,228.6
O01877,C0012,2025-02-22,P024,1,135.44,135.44
O01878,C0226,2025-02-17,P005,4,76.2,304.8
O01878,C0226,2025-02-17,P020,1,146.07,146.07
O01878,C0226,2025-02-17,P015,1,44.73,44.73
O01879,C0085,2025-02-16,P044,3,142.35,427.05
O01880,C0423,2025-02-05,P012,1,91.75,91.75
O01880,C0423,2025-02-05,P027,2,96.36,192.72
O01881,C0493,2025-02-20,P048,1,188.57,188.57
O01882,C0181,2025-02-02,P046,3,201.03,603.09
O01882,C0181,2025-02-02,P027,3,96.36,289.08
O01883,C0558,2025-02-21,P008,2,14.18,28.36
O01884,C0630,2025-02-03,P026,3,32.56,97.68
O01885,C0508,2025-02-09,P032,4,353.08,1412.32
O01886,C0767,2025-02-04,P022,2,363.71,727.42
O01887,C0780,2025-02-12,P045,2,618.02,1236.04
O01887,C0780,2025-02-12,P005,1,76.2,76.2
O01888,C0228,2025-02-05,P046,1,201.03,201.03
O01888,C0228,2025-02-05,P017,1,201.22,201.22
O01889,C0299,2025-02-23,P016,1,30.4,30.4
O01889,C0299,2025-02-23,P001,4,776.86,3107.44
O01890,C0349,2025-02-04,P027,1,96.36,96.36
O01891,C0015,2025-02-03,P016,1,30.4,30.4
O01892,C0073,2025-02-11,P008,1,14.18,14.18
O01893,C0094,2025-02-27,P014,3,9.95,29.85
O01894,C0307,2025-02-22,P006,3,309.91,929.73
O01895,C0257,2025-02-16,P016,2,30.4,60.8
O01896,C0589,2025-02-20,P018,1,296.36,296.36
O01897,C0306,2025-02-24,P043,1,29.54,29.54
O01898,C0111,2025-02-06,P045,1,618.02,618.02
O01899,C0333,2025-02-12,P001,3,776.86,2330.58
O01899,C0333,2025-02-12,P023,1,306.62,306.62
O01900,C0355,2025-03-10,P014,2,9.95,19.9
O01901,C0391,2025-03-12,P016,1,30.4,30.4
O01901,C0391,2025-03-12,P001,1,776.86,776.86
O01902,C0449,2025-03-15,P026,4,32.56,130.24
O01903,C0670,2025-03-26,P043,1,29.54,29.54
O01903,C0670,2025-03-26,P043,1,29.54,29.54
O01904,C0767,2025-03-09,P047,1,102.85,102.85
O01904,C0767,2025-03-09,P010,2,108.97,217.94
O01905,C0326,2025-03-03,P023,2,306.62,613.24
O01905,C0326,2025-03-03,P013,3,6.25,18.75
O01906,C0252,2025-03-18,P014,1,9.95,9.95
O01907,C0040,2025-03-21,P005,1,76.2,76.2
O01908,C0276,2025-03-07,P006,1,309.91,309.91
O01909,C0759,2025-03-18,P015,1,44.73,44.73
O01910,C0285,2025-03-26,P021,2,375.86,751.72
O01911,C0546,2025-03-02,P039,2,257.83,515.66
O01911,C0546,2025-03-02,P012,1,91.75,91.75
O01912,C0337,2025-03-18,P034,1,259.38,259.38
O01913,C0338,2025-03-06,P003,1,49.77,49.77
O01914,C0287,2025-03-14,P021,2,375.86,751.72
O01915,C0144,2025-03-20,P002,1,27.35,27.35
O01916,C0555,2025-03-08,P003,3,49.77,149.31
O01916,C0555,2025-03-08,P013,2,6.25,12.5
O01917,C0575,2025-03-24,P034,2,259.38,518.76
O01917,C0575,2025-03-24,P041,1,718.47,718.47
O01918,C0591,2025-03-13,P004,1,27.36,27.36
O01919,C0721,2025-03-22,P035,2,69.79,139.58
O01920,C0221,2025-03-20,P012,1,91.75,91.75
O01920,C0221,2025-03-20,P025,1,13.87,13.87
O01921,C0288,2025-03-28,P015,1,44.73,44.73
O01922,C0611,2025-03-10,P028,1,11.25,11.25
O01923,C0629,2025-03-24,P019,4,317.52,1270.08
O01924,C0032,2025-03-23,P036,1,527.91,527.91
O01924,C0032,2025-03-23,P044,2,142.35,284.7
O01924,C0032,2025-03-23,P009,3,152.01,456.03
O01925,C0246,2025-03-07,P020,3,146.07,438.21
O01926,C0459,2025-03-24,P006,1,309.91,309.91
O01926,C0459,2025-03-24,P004,1,27.36,27.36
O01926,C0459,2025-03-24,P038,1,216.22,216.22
O01927,C0340,2025-03-07,P014,1,9.95,9.95
O01927,C0340,2025-03-07,P035,3,69.79,209.37
O01928,C0558,2025-03-24,P029,1,355.82,355.82
O01929,C0245,2025-03-04,P007,1,256.51,256.51
O01929,C0245,2025-03-04,P023,4,306.62,1226.48
O01930,C0511,2025-03-19,P038,4,216.22,864.88
O01930,C0511,2025-03-19,P022,1,363.71,363.71
O01931,C0265,2025-03-06,P010,1,108.97,108.97
O01931,C0265,2025-03-06,P043,1,29.54,29.54
O01932,C0148,2025-03-09,P027,1,96.36,96.36
O01932,C0148,2025-03-09,P041,1,718.47,718.47
O01933,C0344,2025-03-19,P042,2,43.3,86.6
O01933,C0344,2025-03-19,P021,4,375.86,1503.44
O01934,C0653,2025-03-07,P020,1,146.07,146.07
O01935,C0489,2025-03-10,P042,1,43.3,43.3
O01936,C0342,2025-03-04,P009,1,152.01,152.01
O01936,C0342,2025-03-04,P007,1,256.51,256.51
O01937,C0500,2025-03-17,P012,3,91.75,275.25
O01937,C0500,2025-03-17,P035,1,69.79,69.79
O01937,C0500,2025-03-17,P007,4,256.51,1026.04
O01938,C0408,2025-03-05,P021,1,375.86,375.86
O01938,C0408,2025-03-05,P042,2,43.3,86.6
O01939,C0180,2025-03-10,P011,1,215.54,215.54
O01940,C0312,2025-03-06,P010,1,108.97,108.97
O01941,C0711,2025-03-02,P041,1,718.47,718.47
O01942,C0380,2025-03-06,P026,4,32.56,130.24
O01942,C0380,2025-03-06,P030,1,301.86,301.86
O01942,C0380,2025-03-06,P013,2,6.25,12.5
O01943,C0574,2025-03-14,P047,4,102.85,411.4
O01944,C0035,2025-03-11,P023,2,306.62,613.24
O01944,C0035,2025-03-11,P027,1,96.36,96.36
O01945,C0246,2025-03-24,P018,2,296.36,592.72
O01946,C0394,2025-03-25,P036,2,527.91,1055.82
O01947,C0606,2025-03-14,P007,2,256.51,513.02
O01947,C0606,2025-03-14,P033,3,616.01,1848.03
O01948,C0426,2025-03-16,P038,1,216.22,216.22
O01949,C0544,2025-03-22,P011,1,215.54,215.54
O01949,C0544,2025-03-22,P002,4,27.35,109.4
O01950,C0399,2025-03-18,P012,1,91.75,91.75
O01951,C0044,2025-03-07,P043,2,29.54,59.08
O01951,C0044,2025-03-07,P038,1,216.22,216.22
O01952,C0757,2025-03-15,P022,2,363.71,727.42
O01953,C0546,2025-03-23,P002,2,27.35,54.7
O01953,C0546,2025-03-23,P004,2,27.36,54.72
O01954,C0247,2025-03-24,P029,1,355.82,355.82
O01955,C0422,2025-03-20,P029,2,355.82,711.64
O01955,C0422,2025-03-20,P028,2,11.25,22.5
O01955,C0422,2025-03-20,P029,1,355.82,355.82
O01956,C0353,2025-03-12,P020,3,146.07,438.21
O01956,C0353,2025-03-12,P028,1,11.25,11.25
O01956,C0353,2025-03-12,P045,1,618.02,618.02
O01957,C0778,2025-03-17,P007,2,256.51,513.02
O01958,C0161,2025-03-14,P033,1,616.01,616.01
O01958,C0161,2025-03-14,P037,1,303.43,303.43
O01959,C0406,2025-03-05,P007,1,256.51,256.51
O01960,C0486,2025-03-28,P033,1,616.01,616.01
O01961,C0067,2025-03-10,P035,1,69.79,69.79
O01962,C0041,2025-03-12,P047,1,102.85,102.85
O01963,C0494,2025-03-13,P006,1,309.91,309.91
O01963,C0494,2025-03-13,P044,1,142.35,142.35
O01964,C0489,2025-03-24,P031,1,319.68,319.68
O01965,C0607,2025-03-09,P011,3,215.54,646.62
O01965,C0607,2025-03-09,P012,3,91.75,275.25
O01965,C0607,2025-03-09,P046,1,201.03,201.03
O01966,C0337,2025-03-16,P019,2,317.52,635.04
O01966,C0337,2025-03-16,P046,1,201.03,201.03
O01966,C0337,2025-03-16,P027,3,96.36,289.08
O01967,C0735,2025-03-03,P045,1,618.02,618.02
O01968,C0220,2025-03-20,P043,1,29.54,29.54
O01968,C0220,2025-03-20,P006,2,309.91,619.82
O01969,C0298,2025-03-24,P026,1,32.56,32.56
O01970,C0612,2025-03-18,P034,1,259.38,259.38
O01970,C0612,2025-03-18,P032,2,353.08,706.16
O01970,C0612,2025-03-18,P036,3,527.91,1583.73
O01971,C0201,2025-03-03,P019,1,317.52,317.52
O01972,C0551,2025-03-08,P018,2,296.36,592.72
O01973,C0459,2025-03-19,P041,1,718.47,718.47
O01974,C0393,2025-03-14,P036,3,527.91,1583.73
O01975,C0158,2025-03-06,P047,2,102.85,205.7
O01976,C0676,2025-03-19,P043,1,29.54,29.54
O01977,C0509,2025-03-08,P004,2,27.36,54.72
O01977,C0509,2025-03-08,P047,1,102.85,102.85
O01977,C0509,2025-03-08,P013,4,6.25,25.0
O01978,C0526,2025-03-13,P038,1,216.22,216.22
O01978,C0526,2025-03-13,P042,2,43.3,86.6
O01978,C0526,2025-03-13,P039,2,257.83,515.66
O01979,C0529,2025-03-06,P018,1,296.36,296.36
O01980,C0630,2025-03-18,P025,2,13.87,27.74
O01980,C0630,2025-03-18,P037,1,303.43,303.43
O01981,C0285,2025-03-01,P002,2,27.35,54.7
O01981,C0285,2025-03-01,P027,1,96.36,96.36
O01982,C0076,2025-03-12,P023,1,306.62,306.62
O01982,C0076,2025-03-12,P009,2,152.01,304.02
O01982,C0076,2025-03-12,P013,4,6.25,25.0
O01983,C0476,2025-03-09,P044,1,142.35,142.35
O01983,C0476,2025-03-09,P036,3,527.91,1583.73
O01984,C0385,2025-03-10,P021,2,375.86,751.72
O01984,C0385,2025-03-10,P006,1,309.91,309.91
O01984,C0385,2025-03-10,P006,2,309.91,619.82
O01985,C0754,2025-03-02,P020,1,146.07,146.07
O01986,C0574,2025-03-27,P017,2,201.22,402.44
O01986,C0574,2025-03-27,P004,4,27.36,109.44
O01987,C0415,2025-03-15,P045,1,618.02,618.02
O01988,C0743,2025-03-22,P040,2,13.38,26.76
O01989,C0675,2025-03-02,P019,1,317.52,317.52
O01990,C0542,2025-03-26,P011,1,215.54,215.54
O01991,C0743,2025-03-05,P037,1,303.43,303.43
O01991,C0743,2025-03-05,P027,3,96.36,289.08
O01991,C0743,2025-03-05,P004,3,27.36,82.08
O01992,C0360,2025-03-10,P011,1,215.54,215.54
O01993,C0648,2025-03-19,P031,1,319.68,319.68
O01994,C0578,2025-03-24,P013,2,6.25,12.5
O01995,C0748,2025-03-15,P025,1,13.87,13.87
O01996,C0526,2025-03-23,P020,1,146.07,146.07
O01996,C0526,2025-03-23,P038,1,216.22,216.22
O01997,C0591,2025-03-03,P042,1,43.3,43.3
O01997,C0591,2025-03-03,P020,1,146.07,146.07
O01998,C0139,2025-03-13,P007,4,256.51,1026.04
O01998,C0139,2025-03-13,P030,1,301.86,301.86
O01999,C0768,2025-03-17,P010,2,108.97,217.94
O02000,C0647,2025-03-28,P021,1,375.86,375.86
O02000,C0647,2025-03-28,P042,1,43.3,43.3
O02001,C0183,2025-03-03,P004,2,27.36,54.72
O02001,C0183,2025-03-03,P021,3,375.86,1127.58
O02002,C0609,2025-03-11,P038,1,216.22,216.22
O02003,C0398,2025-03-11,P038,2,216.22,432.44
O02003,C0398,2025-03-11,P046,1,201.03,201.03
O02003,C0398,2025-03-11,P040,3,13.38,40.14
O02004,C0156,2025-03-04,P007,1,256.51,256.51
O02005,C0181,2025-03-09,P023,2,306.62,613.24
O02005,C0181,2025-03-09,P047,1,102.85,102.85
O02006,C0560,2025-03-13,P026,1,32.56,32.56
O02006,C0560,2025-03-13,P028,2,11.25,22.5
O02006,C0560,2025-03-13,P034,1,259.38,259.38
O02007,C0190,2025-03-09,P042,1,43.3,43.3
O02008,C0770,2025-03-09,P012,2,91.75,183.5
O02008,C0770,2025-03-09,P031,1,319.68,319.68
O02008,C0770,2025-03-09,P033,3,616.01,1848.03
O02009,C0776,2025-03-24,P027,2,96.36,192.72
O02010,C0465,2025-03-24,P029,2,355.82,711.64
O02010,C0465,2025-03-24,P047,1,102.85,102.85
O02011,C0724,2025-03-14,P016,1,30.4,30.4
O02011,C0724,2025-03-14,P013,2,6.25,12.5
O02012,C0264,2025-03-13,P026,1,32.56,32.56
O02012,C0264,2025-03-13,P007,1,256.51,256.51
O02013,C0692,2025-03-20,P035,1,69.79,69.79
O02013,C0692,2025-03-20,P022,1,363.71,363.71
O02014,C0273,2025-03-20,P011,1,215.54,215.54
O02014,C0273,2025-03-20,P038,2,216.22,432.44
O02014,C0273,2025-03-20,P026,1,32.56,32.56
O02015,C0236,2025-03-04,P009,1,152.01,152.01
O02016,C0542,2025-03-23,P004,4,27.36,109.44
O02017,C0606,2025-03-06,P028,2,11.25,22.5
O02018,C0484,2025-03-03,P033,3,616.01,1848.03
O02019,C0400,2025-03-15,P040,2,13.38,26.76
O02019,C0400,2025-03-15,P027,3,96.36,289.08
O02020,C0425,2025-03-20,P042,4,43.3,173.2
O02021,C0587,2025-03-25,P002,1,27.35,27.35
O02022,C0056,2025-03-03,P038,1,216.22,216.22
O02023,C0003,2025-03-17,P006,2,309.91,619.82
O02023,C0003,2025-03-17,P041,1,718.47,718.47
O02024,C0225,2025-03-04,P035,2,69.79,139.58
O02024,C0225,2025-03-04,P009,4,152.01,608.04
O02025,C0610,2025-03-16,P022,3,363.71,1091.13
O02025,C0610,2025-03-16,P033,1,616.01,616.01
O02026,C0366,2025-03-14,P017,1,201.22,201.22
O02027,C0492,2025-03-04,P025,1,13.87,13.87
O02027,C0492,2025-03-04,P019,1,317.52,317.52
O02028,C0452,2025-03-12,P014,1,9.95,9.95
O02029,C0353,2025-03-28,P001,2,776.86,1553.72
O02029,C0353,2025-03-28,P035,2,69.79,139.58
O02029,C0353,2025-03-28,P006,1,309.91,309.91
O02030,C0718,2025-03-16,P002,4,27.35,109.4
O02030,C0718,2025-03-16,P026,1,32.56,32.56
O02031,C0207,2025-03-12,P018,2,296.36,592.72
O02032,C0533,2025-03-11,P045,1,618.02,618.02
O02032,C0533,2025-03-11,P038,3,216.22,648.66
O02032,C0533,2025-03-11,P041,1,718.47,718.47
O02033,C0619,2025-03-04,P024,1,135.44,135.44
O02033,C0619,2025-03-04,P019,1,317.52,317.52
O02034,C0128,2025-03-07,P013,1,6.25,6.25
O02034,C0128,2025-03-07,P041,1,718.47,718.47
O02035,C0516,2025-03-16,P041,4,718.47,2873.88
O02036,C0261,2025-03-26,P047,1,102.85,102.85
O02037,C0549,2025-03-26,P040,1,13.38,13.38
O02037,C0549,2025-03-26,P028,1,11.25,11.25
O02038,C0200,2025-03-17,P039,1,257.83,257.83
O02038,C0200,2025-03-17,P022,1,363.71,363.71
O02039,C0242,2025-03-25,P029,1,355.82,355.82
O02040,C0620,2025-03-25,P020,1,146.07,146.07
O02041,C0596,2025-03-24,P023,1,306.62,306.62
O02041,C0596,2025-03-24,P048,4,188.57,754.28
O02042,C0200,2025-03-15,P042,1,43.3,43.3
O02042,C0200,2025-03-15,P004,1,27.36,27.36
O02043,C0025,2025-03-01,P046,1,201.03,201.03
O02043,C0025,2025-03-01,P045,1,618.02,618.02
O02044,C0776,2025-03-11,P027,1,96.36,96.36
O02045,C0218,2025-03-27,P003,1,49.77,49.77
O02045,C0218,2025-03-27,P005,2,76.2,152.4
O02046,C0118,2025-03-02,P026,1,32.56,32.56
O02047,C0468,2025-03-10,P015,4,44.73,178.92
O02048,C0529,2025-03-11,P035,2,69.79,139.58
O02049,C0242,2025-03-19,P005,2,76.2,152.4
O02050,C0013,2025-03-21,P034,4,259.38,1037.52
O02051,C0285,2025-03-28,P006,1,309.91,309.91
O02052,C0597,2025-03-08,P030,1,301.86,301.86
O02052,C0597,2025-03-08,P034,2,259.38,518.76
O02053,C0746,2025-03-13,P023,1,306.62,306.62
O02053,C0746,2025-03-13,P003,2,49.77,99.54
O02054,C0489,2025-03-10,P046,2,201.03,402.06
O02055,C0277,2025-03-25,P006,2,309.91,619.82
O02055,C0277,2025-03-25,P021,1,375.86,375.86
O02056,C0509,2025-03-22,P039,3,257.83,773.49
O02057,C0540,2025-03-20,P037,1,303.43,303.43
O02058,C0640,2025-03-07,P022,2,363.71,727.42
O02059,C0415,2025-04-26,P012,2,91.75,183.5
O02060,C0505,2025-04-23,P033,1,616.01,616.01
O02061,C0374,2025-04-22,P016,1,30.4,30.4
O02062,C0167,2025-04-20,P013,1,6.25,6.25
O02063,C0166,2025-04-20,P027,1,96.36,96.36
O02063,C0166,2025-04-20,P022,3,363.71,1091.13
O02063,C0166,2025-04-20,P025,4,13.87,55.48
O02064,C0210,2025-04-07,P028,1,11.25,11.25
O02065,C0160,2025-04-10,P046,3,201.03,603.09
O02065,C0160,2025-04-10,P006,2,309.91,619.82
O02066,C0573,2025-04-25,P043,1,29.54,29.54
O02066,C0573,2025-04-25,P012,3,91.75,275.25
O02067,C0114,2025-04-11,P035,1,69.79,69.79
O02068,C0234,2025-04-21,P042,2,43.3,86.6
O02069,C0625,2025-04-27,P015,1,44.73,44.73
O02070,C0609,2025-04-27,P005,1,76.2,76.2
O02071,C0550,2025-04-12,P047,1,102.85,102.85
O02072,C0197,2025-04-21,P033,3,616.01,1848.03
O02073,C0757,2025-04-27,P020,2,146.07,292.14
O02073,C0757,2025-04-27,P029,2,355.82,711.64
O02074,C0737,2025-04-27,P040,2,13.38,26.76
O02074,C0737,2025-04-27,P021,3,375.86,1127.58
O02074,C0737,2025-04-27,P005,1,76.2,76.2
O02075,C0001,2025-04-24,P032,1,353.08,353.08
O02075,C0001,2025-04-24,P038,1,216.22,216.22
O02076,C0237,2025-04-11,P027,3,96.36,289.08
O02076,C0237,2025-04-11,P040,1,13.38,13.38
O02076,C0237,2025-04-11,P018,2,296.36,592.72
O02077,C0490,2025-04-21,P042,1,43.3,43.3
O02078,C0312,2025-04-28,P038,1,216.22,216.22
O02079,C0132,2025-04-26,P013,1,6.25,6.25
O02079,C0132,2025-04-26,P045,1,618.02,618.02
O02080,C0341,2025-04-27,P032,3,353.08,1059.24
O02080,C0341,2025-04-27,P047,1,102.85,102.85
O02080,C0341,2025-04-27,P013,1,6.25,6.25
O02081,C0169,2025-04-28,P046,2,201.03,402.06
O02082,C0002,2025-04-26,P005,2,76.2,152.4
O02082,C0002,2025-04-26,P046,1,201.03,201.03
O02082,C0002,2025-04-26,P018,1,296.36,296.36
O02083,C0791,2025-04-27,P010,2,108.97,217.94
O02083,C0791,2025-04-27,P039,1,257.83,257.83
O02083,C0791,2025-04-27,P026,1,32.56,32.56
O02084,C0454,2025-04-27,P020,2,146.07,292.14
O02085,C0324,2025-04-08,P043,1,29.54,29.54
O02085,C0324,2025-04-08,P021,1,375.86,375.86
O02085,C0324,2025-04-08,P030,1,301.86,301.86
O02086,C0754,2025-04-07,P044,1,142.35,142.35
O02087,C0463,2025-04-25,P014,1,9.95,9.95
O02088,C0295,2025-04-20,P016,4,30.4,121.6
O02089,C0095,2025-04-09,P013,2,6.25,12.5
O02089,C0095,2025-04-09,P038,2,216.22,432.44
O02090,C0573,2025-04-15,P009,3,152.01,456.03
O02090,C0573,2025-04-15,P028,2,11.25,22.5
O02091,C0280,2025-04-01,P027,3,96.36,289.08
O02091,C0280,2025-04-01,P028,3,11.25,33.75
O02091,C0280,2025-04-01,P002,4,27.35,109.4
O02092,C0639,2025-04-21,P021,2,375.86,751.72
O02093,C0646,2025-04-22,P017,2,201.22,402.44
O02093,C0646,2025-04-22,P028,2,11.25,22.5
O02094,C0683,2025-04-22,P014,2,9.95,19.9
O02094,C0683,2025-04-22,P033,1,616.01,616.01
O02094,C0683,2025-04-22,P025,1,13.87,13.87
O02095,C0680,2025-04-20,P020,4,146.07,584.28
O02096,C0748,2025-04-23,P037,2,303.43,606.86
O02097,C0418,2025-04-01,P017,4,201.22,804.88
O02097,C0418,2025-04-01,P024,1,135.44,135.44
O02098,C0343,2025-04-08,P042,3,43.3,129.9
O02098,C0343,2025-04-08,P026,3,32.56,97.68
O02098,C0343,2025-04-08,P019,1,317.52,317.52
O02099,C0415,2025-04-05,P027,4,96.36,385.44
O02099,C0415,2025-04-05,P015,2,44.73,89.46
O02100,C0263,2025-04-03,P014,3,9.95,29.85
O02101,C0618,2025-04-25,P007,1,256.51,256.51
O02102,C0296,2025-04-19,P007,3,256.51,769.53
O02103,C0303,2025-04-12,P045,1,618.02,618.02
O02104,C0592,2025-04-03,P013,1,6.25,6.25
O02104,C0592,2025-04-03,P003,2,49.77,99.54
O02104,C0592,2025-04-03,P020,1,146.07,146.07
O02105,C0445,2025-04-08,P003,3,49.77,149.31
O02106,C0277,2025-04-25,P021,1,375.86,375.86
O02107,C0605,2025-04-27,P006,1,309.91,309.91
O02108,C0698,2025-04-18,P046,1,201.03,201.03
O02109,C0676,2025-04-15,P033,2,616.01,1232.02
O02110,C0603,2025-04-28,P033,2,616.01,1232.02
O02111,C0089,2025-04-09,P009,2,152.01,304.02
O02111,C0089,2025-04-09,P036,3,527.91,1583.73
O02111,C0089,2025-04-09,P022,2,363.71,727.42
O02112,C0472,2025-04-25,P012,1,91.75,91.75
O02112,C0472,2025-04-25,P023,3,306.62,919.86
O02113,C0035,2025-04-09,P003,1,49.77,49.77
O02113,C0035,2025-04-09,P045,3,618.02,1854.06
O02114,C0347,2025-04-16,P005,2,76.2,152.4
O02114,C0347,2025-04-16,P044,1,142.35,142.35
O02115,C0695,2025-04-05,P039,1,257.83,257.83
O02116,C0050,2025-04-11,P036,1,527.91,527.91
O02117,C0416,2025-04-22,P021,1,375.86,375.86
O02117,C0416,2025-04-22,P021,1,375.86,375.86
O02118,C0133,2025-04-02,P022,3,363.71,1091.13
O02118,C0133,2025-04-02,P005,2,76.2,152.4
O02119,C0441,2025-04-24,P004,1,27.36,27.36
O02119,C0441,2025-04-24,P008,1,14.18,14.18
O02119,C0441,2025-04-24,P018,1,296.36,296.36
O02120,C0776,2025-04-23,P014,1,9.95,9.95
O02121,C0227,2025-04-07,P047,4,102.85,411.4
O02121,C0227,2025-04-07,P034,3,259.38,778.14
O02122,C0690,2025-04-11,P023,1,306.62,306.62
O02123,C0082,2025-04-09,P005,1,76.2,76.2
O02123,C0082,2025-04-09,P002,2,27.35,54.7
O02124,C0412,2025-04-04,P012,2,91.75,183.5
O02125,C0088,2025-04-19,P007,1,256.51,256.51
O02126,C0593,2025-04-22,P001,3,776.86,2330.58
O02127,C0029,2025-04-06,P043,1,29.54,29.54
O02128,C0611,2025-04-06,P015,4,44.73,178.92
O02128,C0611,2025-04-06,P013,3,6.25,18.75
O02129,C0674,2025-04-17,P002,2,27.35,54.7
O02130,C0707,2025-04-12,P038,2,216.22,432.44
O02131,C0738,2025-04-23,P043,1,29.54,29.54
O02131,C0738,2025-04-23,P028,1,11.25,11.25
O02131,C0738,2025-04-23,P040,4,13.38,53.52
O02132,C0562,2025-04-24,P029,1,355.82,355.82
O02133,C0387,2025-04-18,P026,1,32.56,32.56
O02133,C0387,2025-04-18,P004,4,27.36,109.44
O02134,C0289,2025-04-15,P028,1,11.25,11.25
O02135,C0283,2025-04-17,P006,2,309.91,619.82
O02135,C0283,2025-04-17,P015,2,44.73,89.46
O02136,C0519,2025-04-02,P001,1,776.86,776.86
O02137,C0196,2025-04-03,P011,2,215.54,431.08
O02137,C0196,2025-04-03,P006,1,309.91,309.91
O02138,C0288,2025-04-04,P001,2,776.86,1553.72
O02139,C0407,2025-04-22,P039,2,257.83,515.66
O02140,C0657,2025-04-22,P018,1,296.36,296.36
O02141,C0064,2025-04-27,P005,1,76.2,76.2
O02141,C0064,2025-04-27,P023,2,306.62,613.24
O02142,C0419,2025-04-15,P018,1,296.36,296.36
O02142,C0419,2025-04-15,P037,1,303.43,303.43
O02143,C0385,2025-04-10,P012,2,91.75,183.5
O02144,C0168,2025-04-19,P012,4,91.75,367.0
O02144,C0168,2025-04-19,P003,1,49.77,49.77
O02145,C0781,2025-04-24,P009,1,152.01,152.01
O02145,C0781,2025-04-24,P029,2,355.82,711.64
O02146,C0585,2025-04-21,P006,1,309.91,309.91
O02147,C0635,2025-04-17,P025,3,13.87,41.61
O02147,C0635,2025-04-17,P008,1,14.18,14.18
O02148,C0371,2025-04-24,P024,1,135.44,135.44
O02149,C0460,2025-04-13,P016,1,30.4,30.4
O02149,C0460,2025-04-13,P012,1,91.75,91.75
O02150,C0640,2025-04-02,P042,1,43.3,43.3
O02151,C0283,2025-04-02,P013,3,6.25,18.75
O02152,C0375,2025-04-16,P035,1,69.79,69.79
O02153,C0050,2025-04-25,P027,1,96.36,96.36
O02153,C0050,2025-04-25,P020,1,146.07,146.07
O02154,C0149,2025-04-22,P016,1,30.4,30.4
O02154,C0149,2025-04-22,P017,1,201.22,201.22
O02154,C0149,2025-04-22,P004,1,27.36,27.36
O02155,C0418,2025-04-04,P042,1,43.3,43.3
O02156,C0246,2025-04-08,P030,1,301.86,301.86
O02157,C0557,2025-04-25,P017,4,201.22,804.88
O02158,C0770,2025-04-26,P021,3,375.86,1127.58
O02159,C0221,2025-04-11,P032,1,353.08,353.08
O02160,C0442,2025-04-15,P041,3,718.47,2155.41
O02160,C0442,2025-04-15,P048,2,188.57,377.14
O02161,C0588,2025-04-07,P025,4,13.87,55.48
O02161,C0588,2025-04-07,P039,2,257.83,515.66
O02161,C0588,2025-04-07,P041,2,718.47,1436.94
O02162,C0389,2025-04-08,P028,1,11.25,11.25
O02162,C0389,2025-04-08,P001,1,776.86,776.86
O02163,C0038,2025-04-17,P022,1,363.71,363.71
O02164,C0141,2025-04-27,P011,1,215.54,215.54
O02165,C0150,2025-04-20,P031,1,319.68,319.68
O02166,C0282,2025-04-25,P025,1,13.87,13.87
O02166,C0282,2025-04-25,P010,2,108.97,217.94
O02167,C0273,2025-04-14,P003,4,49.77,199.08
O02167,C0273,2025-04-14,P045,4,618.02,2472.08
O02168,C0487,2025-04-18,P020,1,146.07,146.07
O02169,C0454,2025-04-01,P026,1,32.56,32.56
O02170,C0383,2025-04-28,P011,1,215.54,215.54
O02171,C0038,2025-04-10,P014,1,9.95,9.95
O02172,C0558,2025-04-02,P036,1,527.91,527.91
O02173,C0250,2025-04-28,P029,1,355.82,355.82
O02174,C0335,2025-04-12,P008,1,14.18,14.18
O02175,C0674,2025-04-15,P016,1,30.4,30.4
O02175,C0674,2025-04-15,P010,3,108.97,326.91
O02175,C0674,2025-04-15,P047,3,102.85,308.55
O02176,C0369,2025-04-04,P015,4,44.73,178.92
O02176,C0369,2025-04-04,P024,3,135.44,406.32
O02177,C0138,2025-04-13,P031,1,319.68,319.68
O02177,C0138,2025-04-13,P036,1,527.91,527.91
O02178,C0348,2025-04-08,P047,1,102.85,102.85
O02179,C0097,2025-04-26,P007,1,256.51,256.51
O02180,C0478,2025-04-10,P032,1,353.08,353.08
O02181,C0283,2025-04-15,P038,1,216.22,216.22
O02182,C0202,2025-04-20,P034,1,259.38,259.38
O02183,C0611,2025-04-10,P037,1,303.43,303.43
O02184,C0563,2025-04-23,P042,3,43.3,129.9
O02184,C0563,2025-04-23,P014,1,9.95,9.95
O02185,C0574,2025-04-11,P047,2,102.85,205.7
O02185,C0574,2025-04-11,P037,1,303.43,303.43
O02186,C0133,2025-04-27,P030,2,301.86,603.72
O02187,C0455,2025-04-11,P004,1,27.36,27.36
O02188,C0151,2025-04-06,P004,2,27.36,54.72
O02188,C0151,2025-04-06,P005,2,76.2,152.4
O02189,C0758,2025-04-18,P037,3,303.43,910.29
O02190,C0304,2025-04-27,P045,2,618.02,1236.04
O02190,C0304,2025-04-27,P006,1,309.91,309.91
O02191,C0645,2025-04-03,P014,1,9.95,9.95
O02191,C0645,2025-04-03,P041,1,718.47,718.47
O02192,C0569,2025-04-25,P009,2,152.01,304.02
O02193,C0029,2025-04-05,P041,1,718.47,718.47
O02194,C0383,2025-04-10,P015,3,44.73,134.19
O02195,C0605,2025-04-10,P016,1,30.4,30.4
O02196,C0587,2025-04-02,P024,2,135.44,270.88
O02197,C0021,2025-04-24,P013,1,6.25,6.25
O02197,C0021,2025-04-24,P017,4,201.22,804.88
O02198,C0670,2025-04-22,P018,2,296.36,592.72
O02199,C0284,2025-04-01,P028,3,11.25,33.75
O02200,C0043,2025-04-19,P001,1,776.86,776.86
O02201,C0699,2025-04-19,P033,2,616.01,1232.02
O02202,C0699,2025-04-25,P021,3,375.86,1127.58
O02203,C0249,2025-04-22,P033,1,616.01,616.01
O02204,C0274,2025-04-01,P004,1,27.36,27.36
O02205,C0606,2025-04-05,P034,3,259.38,778.14
O02205,C0606,2025-04-05,P039,2,257.83,515.66
O02206,C0376,2025-04-18,P045,1,618.02,618.02
O02207,C0560,2025-04-22,P025,3,13.87,41.61
O02207,C0560,2025-04-22,P023,2,306.62,613.24
O02207,C0560,2025-04-22,P012,1,91.75,91.75
O02208,C0548,2025-04-01,P047,2,102.85,205.7
O02209,C0137,2025-04-24,P018,4,296.36,1185.44
O02210,C0220,2025-04-15,P037,1,303.43,303.43
O02211,C0416,2025-04-28,P023,3,306.62,919.86
O02212,C0182,2025-04-09,P024,3,135.44,406.32
O02213,C0003,2025-04-17,P015,4,44.73,178.92
O02214,C0740,2025-04-17,P047,1,102.85,102.85
O02215,C0213,2025-04-14,P048,1,188.57,188.57
O02216,C0446,2025-04-16,P031,3,319.68,959.04
O02217,C0044,2025-04-18,P001,2,776.86,1553.72
O02217,C0044,2025-04-18,P041,2,718.47,1436.94
O02218,C0061,2025-04-26,P038,2,216.22,432.44
O02219,C0617,2025-04-02,P039,1,257.83,257.83
O02220,C0582,2025-04-08,P012,1,91.75,91.75
O02221,C0520,2025-04-23,P044,1,142.35,142.35
O02221,C0520,2025-04-23,P041,1,718.47,718.47
O02222,C0571,2025-04-24,P038,2,216.22,432.44
O02223,C0557,2025-04-19,P017,2,201.22,402.44
O02224,C0307,2025-04-04,P021,1,375.86,375.86
O02224,C0307,2025-04-04,P028,2,11.25,22.5
O02225,C0513,2025-04-13,P015,2,44.73,89.46
O02226,C0769,2025-04-27,P029,1,355.82,355.82
O02226,C0769,2025-04-27,P006,1,309.91,309.91
O02227,C0354,2025-04-12,P008,1,14.18,14.18
O02228,C0572,2025-04-21,P036,3,527.91,1583.73
O02229,C0475,2025-04-06,P048,3,188.57,565.71
O02230,C0419,2025-04-23,P033,1,616.01,616.01
O02231,C0268,2025-04-01,P032,1,353.08,353.08
O02232,C0772,2025-04-22,P042,3,43.3,129.9
O02233,C0307,2025-04-05,P047,1,102.85,102.85
O02233,C0307,2025-04-05,P048,1,188.57,188.57
O02234,C0091,2025-04-22,P021,3,375.86,1127.58
O02235,C0616,2025-04-19,P044,1,142.35,142.35
O02236,C0220,2025-04-10,P023,1,306.62,306.62
O02236,C0220,2025-04-10,P008,1,14.18,14.18
O02237,C0680,2025-04-26,P013,1,6.25,6.25
O02237,C0680,2025-04-26,P038,2,216.22,432.44
O02237,C0680,2025-04-26,P005,1,76.2,76.2
O02238,C0638,2025-04-03,P032,1,353.08,353.08
O02239,C0064,2025-04-07,P012,3,91.75,275.25
O02239,C0064,2025-04-07,P023,1,306.62,306.62
O02240,C0116,2025-04-10,P008,1,14.18,14.18
O02241,C0717,2025-04-23,P032,2,353.08,706.16
O02242,C0397,2025-04-01,P040,1,13.38,13.38
O02243,C0754,2025-04-28,P018,2,296.36,592.72
O02244,C0537,2025-04-01,P025,1,13.87,13.87
O02245,C0026,2025-04-14,P008,2,14.18,28.36
O02246,C0619,2025-04-06,P044,2,142.35,284.7
O02246,C0619,2025-04-06,P025,1,13.87,13.87
O02246,C0619,2025-04-06,P004,2,27.36,54.72
O02247,C0111,2025-04-17,P018,1,296.36,296.36
O02248,C0467,2025-04-10,P017,1,201.22,201.22
O02248,C0467,2025-04-10,P036,2,527.91,1055.82
O02249,C0422,2025-04-07,P028,2,11.25,22.5
O02250,C0708,2025-04-10,P032,4,353.08,1412.32
O02250,C0708,2025-04-10,P007,2,256.51,513.02
O02251,C0020,2025-04-12,P042,2,43.3,86.6
O02252,C0311,2025-04-22,P032,3,353.08,1059.24
O02252,C0311,2025-04-22,P016,2,30.4,60.8
O02253,C0366,2025-04-14,P022,1,363.71,363.71
O02253,C0366,2025-04-14,P020,1,146.07,146.07
O02254,C0622,2025-05-11,P015,1,44.73,44.73
O02254,C0622,2025-05-11,P040,1,13.38,13.38
O02254,C0622,2025-05-11,P018,1,296.36,296.36
O02255,C0012,2025-05-25,P006,3,309.91,929.73
O02255,C0012,2025-05-25,P041,1,718.47,718.47
O02255,C0012,2025-05-25,P018,2,296.36,592.72
O02256,C0215,2025-05-12,P032,2,353.08,706.16
O02257,C0146,2025-05-06,P010,3,108.97,326.91
O02258,C0246,2025-05-28,P036,3,527.91,1583.73
O02259,C0242,2025-05-23,P031,1,319.68,319.68
O02260,C0626,2025-05-27,P025,1,13.87,13.87
O02261,C0087,2025-05-15,P017,2,201.22,402.44
O02262,C0371,2025-05-03,P030,1,301.86,301.86
O02263,C0499,2025-05-10,P041,1,718.47,718.47
O02263,C0499,2025-05-10,P042,2,43.3,86.6
O02264,C0135,2025-05-17,P003,1,49.77,49.77
O02264,C0135,2025-05-17,P005,2,76.2,152.4
O02264,C0135,2025-05-17,P012,1,91.75,91.75
O02265,C0247,2025-05-22,P003,2,49.77,99.54
O02266,C0381,2025-05-20,P024,1,135.44,135.44
O02267,C0687,2025-05-08,P047,3,102.85,308.55
O02268,C0719,2025-05-26,P006,1,309.91,309.91
O02268,C0719,2025-05-26,P039,2,257.83,515.66
O02269,C0055,2025-05-17,P040,1,13.38,13.38
O02270,C0795,2025-05-24,P020,1,146.07,146.07
O02270,C0795,2025-05-24,P008,1,14.18,14.18
O02270,C0795,2025-05-24,P008,2,14.18,28.36
O02271,C0005,2025-05-25,P035,2,69.79,139.58
O02272,C0498,2025-05-12,P033,4,616.01,2464.04
O02272,C0498,2025-05-12,P015,1,44.73,44.73
O02273,C0278,2025-05-06,P028,1,11.25,11.25
O02274,C0374,2025-05-02,P008,1,14.18,14.18
O02275,C0749,2025-05-13,P029,1,355.82,355.82
O02275,C0749,2025-05-13,P030,1,301.86,301.86
O02276,C0179,2025-05-06,P025,2,13.87,27.74
O02277,C0390,2025-05-07,P043,1,29.54,29.54
O02278,C0002,2025-05-21,P018,1,296.36,296.36
O02278,C0002,2025-05-21,P002,2,27.35,54.7
O02278,C0002,2025-05-21,P026,2,32.56,65.12
O02279,C0343,2025-05-18,P001,1,776.86,776.86
O02280,C0506,2025-05-03,P038,2,216.22,432.44
O02281,C0797,2025-05-18,P041,2,718.47,1436.94
O02281,C0797,2025-05-18,P009,2,152.01,304.02
O02282,C0275,2025-05-14,P033,1,616.01,616.01
O02283,C0134,2025-05-14,P037,2,303.43,606.86
O02284,C0738,2025-05-21,P016,2,30.4,60.8
O02284,C0738,2025-05-21,P033,1,616.01,616.01
O02285,C0569,2025-05-06,P026,1,32.56,32.56
O02285,C0569,2025-05-06,P047,4,102.85,411.4
O02286,C0087,2025-05-28,P046,2,201.03,402.06
O02287,C0580,2025-05-07,P012,1,91.75,91.75
O02288,C0052,2025-05-23,P012,2,91.75,183.5
O02289,C0628,2025-05-03,P034,1,259.38,259.38
O02290,C0534,2025-05-06,P031,1,319.68,319.68
O02291,C0072,2025-05-27,P011,1,215.54,215.54
O02292,C0384,2025-05-08,P043,4,29.54,118.16
O02292,C0384,2025-05-08,P026,2,32.56,65.12
O02293,C0619,2025-05-01,P013,2,6.25,12.5
O02293,C0619,2025-05-01,P042,1,43.3,43.3
O02293,C0619,2025-05-01,P020,1,146.07,146.07
O02294,C0363,2025-05-24,P037,1,303.43,303.43
O02295,C0296,2025-05-02,P016,1,30.4,30.4
O02296,C0202,2025-05-21,P043,1,29.54,29.54
O02297,C0640,2025-05-07,P019,1,317.52,317.52
O02298,C0494,2025-05-13,P046,3,201.03,603.09
O02298,C0494,2025-05-13,P044,1,142.35,142.35
O02298,C0494,2025-05-13,P039,2,257.83,515.66
O02299,C0666,2025-05-10,P041,1,718.47,718.47
O02299,C0666,2025-05-10,P009,1,152.01,152.01
O02300,C0179,2025-05-18,P020,1,146.07,146.07
O02300,C0179,2025-05-18,P001,1,776.86,776.86
O02301,C0713,2025-05-23,P009,2,152.01,304.02
O02302,C0039,2025-05-13,P029,2,355.82,711.64
O02302,C0039,2025-05-13,P028,1,11.25,11.25
O02303,C0760,2025-05-25,P020,1,146.07,146.07
O02303,C0760,2025-05-25,P010,1,108.97,108.97
O02303,C0760,2025-05-25,P039,1,257.83,257.83
O02304,C0103,2025-05-05,P027,1,96.36,96.36
O02305,C0639,2025-05-20,P008,1,14.18,14.18
O02306,C0716,2025-05-11,P025,1,13.87,13.87
O02306,C0716,2025-05-11,P005,1,76.2,76.2
O02306,C0716,2025-05-11,P015,1,44.73,44.73
O02307,C0225,2025-05-13,P035,3,69.79,209.37
O02308,C0023,2025-05-12,P016,3,30.4,91.2
O02309,C0715,2025-05-10,P045,4,618.02,2472.08
O02310,C0588,2025-05-23,P031,4,319.68,1278.72
O02310,C0588,2025-05-23,P033,1,616.01,616.01
O02311,C0523,2025-05-21,P046,2,201.03,402.06
O02311,C0523,2025-05-21,P036,1,527.91,527.91
O02312,C0795,2025-05-10,P022,2,363.71,727.42
O02313,C0599,2025-05-03,P041,2,718.47,1436.94
O02313,C0599,2025-05-03,P029,2,355.82,711.64
O02314,C0112,2025-05-24,P043,3,29.54,88.62
O02314,C0112,2025-05-24,P042,1,43.3,43.3
O02315,C0800,2025-05-22,P035,1,69.79,69.79
O02316,C0297,2025-05-07,P015,2,44.73,89.46
O02317,C0148,2025-05-11,P007,1,256.51,256.51
O02318,C0406,2025-05-13,P044,1,142.35,142.35
O02318,C0406,2025-05-13,P022,4,363.71,1454.84
O02319,C0209,2025-05-24,P028,1,11.25,11.25
O02319,C0209,2025-05-24,P037,2,303.43,606.86
O02320,C0346,2025-05-06,P020,2,146.07,292.14
O02321,C0143,2025-05-22,P012,1,91.75,91.75
O02322,C0758,2025-05-21,P042,1,43.3,43.3
O02323,C0415,2025-05-23,P038,4,216.22,864.88
O02324,C0040,2025-05-09,P048,1,188.57,188.57
O02325,C0193,2025-05-28,P023,3,306.62,919.86
O02326,C0537,2025-05-15,P029,1,355.82,355.82
O02327,C0362,2025-05-13,P009,1,152.01,152.01
O02328,C0403,2025-05-06,P044,4,142.35,569.4
O02328,C0403,2025-05-06,P033,1,616.01,616.01
O02328,C0403,2025-05-06,P025,1,13.87,13.87
O02329,C0686,2025-05-05,P007,1,256.51,256.51
O02329,C0686,2025-05-05,P045,3,618.02,1854.06
O02330,C0324,2025-05-11,P030,1,301.86,301.86
O02331,C0713,2025-05-03,P024,1,135.44,135.44
O02331,C0713,2025-05-03,P009,1,152.01,152.01
O02331,C0713,2025-05-03,P020,2,146.07,292.14
O02332,C0727,2025-05-03,P022,1,363.71,363.71
O02332,C0727,2025-05-03,P037,1,303.43,303.43
O02332,C0727,2025-05-03,P043,1,29.54,29.54
O02333,C0362,2025-05-02,P003,2,49.77,99.54
O02333,C0362,2025-05-02,P044,1,142.35,142.35
O02333,C0362,2025-05-02,P048,1,188.57,188.57
O02334,C0222,2025-05-17,P016,2,30.4,60.8
O02335,C0428,2025-05-18,P011,1,215.54,215.54
O02335,C0428,2025-05-18,P023,1,306.62,306.62
O02335,C0428,2025-05-18,P029,2,355.82,711.64
O02336,C0156,2025-05-12,P037,1,303.43,303.43
O02337,C0653,2025-05-25,P015,2,44.73,89.46
O02338,C0426,2025-05-28,P028,3,11.25,33.75
O02339,C0442,2025-05-26,P031,2,319.68,639.36
O02340,C0097,2025-05-13,P030,1,301.86,301.86
O02341,C0465,2025-05-20,P029,1,355.82,355.82
O02342,C0113,2025-05-06,P022,2,363.71,727.42
O02342,C0113,2025-05-06,P010,3,108.97,326.91
O02342,C0113,2025-05-06,P018,1,296.36,296.36
O02343,C0390,2025-05-15,P003,2,49.77,99.54
O02344,C0590,2025-05-11,P039,1,257.83,257.83
O02345,C0450,2025-05-05,P003,2,49.77,99.54
O02345,C0450,2025-05-05,P005,2,76.2,152.4
O02345,C0450,2025-05-05,P035,1,69.79,69.79
O02346,C0127,2025-05-24,P003,4,49.77,199.08
O02347,C0475,2025-05-13,P009,1,152.01,152.01
O02347,C0475,2025-05-13,P007,3,256.51,769.53
O02347,C0475,2025-05-13,P013,1,6.25,6.25
O02348,C0702,2025-05-01,P033,2,616.01,1232.02
O02348,C0702,2025-05-01,P007,1,256.51,256.51
O02349,C0503,2025-05-04,P004,1,27.36,27.36
O02350,C0637,2025-05-07,P013,1,6.25,6.25
O02351,C0314,2025-05-06,P019,1,317.52,317.52
O02352,C0111,2025-05-25,P036,1,527.91,527.91
O02353,C0117,2025-05-25,P021,2,375.86,751.72
O02354,C0787,2025-05-19,P002,1,27.35,27.35
O02354,C0787,2025-05-19,P005,1,76.2,76.2
O02355,C0632,2025-05-13,P034,1,259.38,259.38
O02356,C0588,2025-05-27,P031,1,319.68,319.68
O02357,C0263,2025-05-21,P029,1,355.82,355.82
O02358,C0275,2025-05-16,P035,4,69.79,279.16
O02359,C0356,2025-05-28,P048,2,188.57,377.14
O02359,C0356,2025-05-28,P015,1,44.73,44.73
O02360,C0513,2025-05-25,P004,1,27.36,27.36
O02361,C0142,2025-05-03,P039,1,257.83,257.83
O02361,C0142,2025-05-03,P035,2,69.79,139.58
O02362,C0385,2025-05-01,P040,1,13.38,13.38
O02362,C0385,2025-05-01,P028,3,11.25,33.75
O02363,C0514,2025-05-02,P008,1,14.18,14.18
O02364,C0084,2025-05-12,P043,1,29.54,29.54
O02364,C0084,2025-05-12,P010,1,108.97,108.97
O02365,C0358,2025-05-26,P022,2,363.71,727.42
O02365,C0358,2025-05-26,P026,1,32.56,32.56
O02366,C0237,2025-05-24,P025,4,13.87,55.48
O02366,C0237,2025-05-24,P006,1,309.91,309.91
O02367,C0014,2025-05-18,P039,1,257.83,257.83
O02368,C0576,2025-05-14,P004,4,27.36,109.44
O02369,C0503,2025-05-08,P009,3,152.01,456.03
O02370,C0415,2025-05-02,P014,4,9.95,39.8
O02371,C0734,2025-05-10,P003,1,49.77,49.77
O02372,C0712,2025-05-16,P019,3,317.52,952.56
O02373,C0524,2025-05-27,P027,1,96.36,96.36
O02373,C0524,2025-05-27,P030,1,301.86,301.86
O02374,C0394,2025-05-05,P014,2,9.95,19.9
O02375,C0093,2025-05-09,P007,1,256.51,256.51
O02376,C0328,2025-05-07,P027,1,96.36,96.36
O02377,C0117,2025-05-16,P026,3,32.56,97.68
O02377,C0117,2025-05-16,P013,2,6.25,12.5
O02378,C0602,2025-05-14,P044,2,142.35,284.7
O02379,C0030,2025-05-12,P024,1,135.44,135.44
O02380,C0266,2025-05-21,P039,2,257.83,515.66
O02381,C0744,2025-05-25,P008,1,14.18,14.18
O02382,C0057,2025-05-14,P017,2,201.22,402.44
O02382,C0057,2025-05-14,P019,1,317.52,317.52
O02382,C0057,2025-05-14,P035,2,69.79,139.58
O02383,C0049,2025-05-21,P025,1,13.87,13.87
O02384,C0179,2025-05-21,P025,2,13.87,27.74
O02384,C0179,2025-05-21,P008,4,14.18,56.72
O02385,C0401,2025-05-17,P009,3,152.01,456.03
O02386,C0642,2025-05-26,P034,4,259.38,1037.52
O02386,C0642,2025-05-26,P012,2,91.75,183.5
O02387,C0359,2025-05-19,P005,3,76.2,228.6
O02388,C0411,2025-05-08,P042,1,43.3,43.3
O02389,C0424,2025-05-20,P032,1,353.08,353.08
O02390,C0335,2025-05-25,P007,1,256.51,256.51
O02390,C0335,2025-05-25,P011,3,215.54,646.62
O02391,C0042,2025-05-22,P034,1,259.38,259.38
O02392,C0553,2025-05-22,P030,1,301.86,301.86
O02393,C0376,2025-05-12,P010,1,108.97,108.97
O02393,C0376,2025-05-12,P009,1,152.01,152.01
O02394,C0406,2025-05-10,P003,3,49.77,149.31
O02395,C0400,2025-05-05,P008,2,14.18,28.36
O02396,C0111,2025-05-12,P022,2,363.71,727.42
O02396,C0111,2025-05-12,P022,2,363.71,727.42
O02396,C0111,2025-05-12,P026,1,32.56,32.56
O02397,C0688,2025-05-27,P028,2,11.25,22.5
O02397,C0688,2025-05-27,P014,1,9.95,9.95
O02397,C0688,2025-05-27,P014,2,9.95,19.9
O02398,C0438,2025-05-04,P046,2,201.03,402.06
O02399,C0072,2025-05-21,P044,2,142.35,284.7
O02400,C0504,2025-05-12,P037,1,303.43,303.43
O02400,C0504,2025-05-12,P020,1,146.07,146.07
O02400,C0504,2025-05-12,P010,1,108.97,108.97
O02401,C0499,2025-05-13,P029,2,355.82,711.64
O02401,C0499,2025-05-13,P022,1,363.71,363.71
O02402,C0794,2025-05-09,P045,1,618.02,618.02
O02402,C0794,2025-05-09,P032,3,353.08,1059.24
O02403,C0687,2025-05-14,P001,2,776.86,1553.72
O02404,C0387,2025-05-23,P018,1,296.36,296.36
O02404,C0387,2025-05-23,P002,3,27.35,82.05
O02405,C0375,2025-05-15,P023,1,306.62,306.62
O02406,C0606,2025-05-11,P048,2,188.57,377.14
O02407,C0145,2025-05-23,P007,2,256.51,513.02
O02408,C0524,2025-05-08,P017,1,201.22,201.22
O02408,C0524,2025-05-08,P034,1,259.38,259.38
O02409,C0210,2025-05-14,P043,2,29.54,59.08
O02410,C0413,2025-05-03,P030,4,301.86,1207.44
O02411,C0438,2025-05-03,P028,1,11.25,11.25
O02411,C0438,2025-05-03,P039,1,257.83,257.83
O02412,C0359,2025-05-05,P048,3,188.57,565.71
O02412,C0359,2025-05-05,P012,1,91.75,91.75
O02412,C0359,2025-05-05,P009,2,152.01,304.02
O02413,C0370,2025-05-11,P011,4,215.54,862.16
O02414,C0008,2025-05-07,P015,1,44.73,44.73
O02414,C0008,2025-05-07,P048,1,188.57,188.57
O02414,C0008,2025-05-07,P001,2,776.86,1553.72
O02415,C0138,2025-05-17,P048,4,188.57,754.28
O02415,C0138,2025-05-17,P038,1,216.22,216.22
O02416,C0171,2025-05-15,P012,1,91.75,91.75
O02416,C0171,2025-05-15,P035,1,69.79,69.79
O02417,C0124,2025-05-19,P009,1,152.01,152.01
O02418,C0444,2025-05-25,P027,2,96.36,192.72
O02418,C0444,2025-05-25,P013,1,6.25,6.25
O02419,C0028,2025-05-22,P016,1,30.4,30.4
O02420,C0452,2025-05-11,P010,2,108.97,217.94
O02421,C0414,2025-05-22,P017,2,201.22,402.44
O02422,C0415,2025-05-06,P003,1,49.77,49.77
O02423,C0004,2025-05-07,P044,2,142.35,284.7
O02424,C0076,2025-05-19,P033,2,616.01,1232.02
O02424,C0076,2025-05-19,P015,4,44.73,178.92
O02425,C0318,2025-05-25,P035,1,69.79,69.79
O02426,C0764,2025-05-19,P039,2,257.83,515.66
O02427,C0547,2025-05-21,P044,2,142.35,284.7
O02427,C0547,2025-05-21,P045,3,618.02,1854.06
O02427,C0547,2025-05-21,P047,1,102.85,102.85
O02428,C0708,2025-05-18,P045,1,618.02,618.02
O02429,C0237,2025-05-28,P024,1,135.44,135.44
O02430,C0617,2025-05-01,P011,4,215.54,862.16
O02430,C0617,2025-05-01,P043,1,29.54,29.54
O02431,C0047,2025-05-08,P005,4,76.2,304.8
O02431,C0047,2025-05-08,P006,2,309.91,619.82
O02432,C0059,2025-05-15,P039,1,257.83,257.83
O02433,C0015,2025-05-25,P020,2,146.07,292.14
O02433,C0015,2025-05-25,P023,1,306.62,306.62
O02434,C0346,2025-05-04,P024,2,135.44,270.88
O02435,C0382,2025-05-17,P043,1,29.54,29.54
O02435,C0382,2025-05-17,P022,3,363.71,1091.13
O02436,C0402,2025-05-20,P035,3,69.79,209.37
O02436,C0402,2025-05-20,P026,1,32.56,32.56
O02437,C0764,2025-05-12,P029,3,355.82,1067.46
O02437,C0764,2025-05-12,P007,1,256.51,256.51
O02438,C0690,2025-05-04,P031,2,319.68,639.36
O02439,C0675,2025-05-10,P014,1,9.95,9.95
O02440,C0606,2025-05-06,P026,1,32.56,32.56
O02440,C0606,2025-05-06,P011,1,215.54,215.54
O02441,C0473,2025-05-17,P019,2,317.52,635.04
O02441,C0473,2025-05-17,P032,4,353.08,1412.32
O02442,C0289,2025-05-14,P047,1,102.85,102.85
O02442,C0289,2025-05-14,P032,3,353.08,1059.24
O02443,C0572,2025-05-17,P041,1,718.47,718.47
O02443,C0572,2025-05-17,P009,3,152.01,456.03
O02444,C0676,2025-05-07,P048,1,188.57,188.57
O02445,C0207,2025-05-26,P040,3,13.38,40.14
O02445,C0207,2025-05-26,P004,1,27.36,27.36
O02446,C0365,2025-05-28,P012,2,91.75,183.5
O02447,C0332,2025-05-03,P020,2,146.07,292.14
O02448,C0709,2025-05-10,P003,1,49.77,49.77
O02448,C0709,2025-05-10,P016,2,30.4,60.8
O02449,C0684,2025-05-27,P001,1,776.86,776.86
O02450,C0116,2025-05-20,P024,1,135.44,135.44
O02451,C0598,2025-05-05,P016,1,30.4,30.4
O02452,C0779,2025-05-12,P025,1,13.87,13.87
O02453,C0751,2025-06-01,P008,1,14.18,14.18
O02453,C0751,2025-06-01,P036,1,527.91,527.91
O02454,C0525,2025-06-25,P009,1,152.01,152.01
O02455,C0042,2025-06-14,P026,1,32.56,32.56
O02456,C0763,2025-06-04,P027,2,96.36,192.72
O02456,C0763,2025-06-04,P010,2,108.97,217.94
O02457,C0259,2025-06-01,P004,1,27.36,27.36
O02458,C0334,2025-06-22,P011,1,215.54,215.54
O02458,C0334,2025-06-22,P010,1,108.97,108.97
O02459,C0294,2025-06-15,P047,1,102.85,102.85
O02460,C0503,2025-06-14,P045,1,618.02,618.02
O02461,C0256,2025-06-09,P023,1,306.62,306.62
O02462,C0205,2025-06-14,P017,4,201.22,804.88
O02462,C0205,2025-06-14,P032,1,353.08,353.08
O02463,C0281,2025-06-02,P021,4,375.86,1503.44
O02464,C0790,2025-06-13,P035,2,69.79,139.58
O02464,C0790,2025-06-13,P044,1,142.35,142.35
O02465,C0574,2025-06-18,P035,4,69.79,279.16
O02466,C0338,2025-06-10,P014,1,9.95,9.95
O02467,C0196,2025-06-05,P015,2,44.73,89.46
O02468,C0601,2025-06-03,P016,1,30.4,30.4
O02469,C0324,2025-06-15,P001,3,776.86,2330.58
O02469,C0324,2025-06-15,P031,2,319.68,639.36
O02470,C0641,2025-06-11,P037,4,303.43,1213.72
O02470,C0641,2025-06-11,P036,1,527.91,527.91
O02471,C0450,2025-06-19,P016,3,30.4,91.2
O02472,C0591,2025-06-05,P045,1,618.02,618.02
O02473,C0744,2025-06-22,P020,1,146.07,146.07
O02473,C0744,2025-06-22,P044,3,142.35,427.05
O02474,C0433,2025-06-20,P047,2,102.85,205.7
O02475,C0102,2025-06-24,P008,2,14.18,28.36
O02475,C0102,2025-06-24,P040,1,13.38,13.38
O02476,C0382,2025-06-15,P048,2,188.57,377.14
O02476,C0382,2025-06-15,P020,2,146.07,292.14
O02477,C0615,2025-06-09,P046,1,201.03,201.03
O02478,C0624,2025-06-08,P007,1,256.51,256.51
O02479,C0590,2025-06-19,P035,1,69.79,69.79
O02479,C0590,2025-06-19,P012,2,91.75,183.5
O02479,C0590,2025-06-19,P005,1,76.2,76.2
O02480,C0562,2025-06-23,P001,2,776.86,1553.72
O02481,C0392,2025-06-17,P025,1,13.87,13.87
O02482,C0394,2025-06-12,P031,1,319.68,319.68
O02482,C0394,2025-06-12,P007,1,256.51,256.51
O02483,C0800,2025-06-12,P032,1,353.08,353.08
O02484,C0609,2025-06-10,P032,1,353.08,353.08
O02485,C0137,2025-06-06,P024,1,135.44,135.44
O02485,C0137,2025-06-06,P046,4,201.03,804.12
O02486,C0472,2025-06-10,P006,1,309.91,309.91
O02487,C0562,2025-06-20,P022,2,363.71,727.42
O02488,C0163,2025-06-12,P038,4,216.22,864.88
O02488,C0163,2025-06-12,P014,1,9.95,9.95
O02489,C0239,2025-06-17,P003,1,49.77,49.77
O02490,C0146,2025-06-01,P032,2,353.08,706.16
O02491,C0535,2025-06-28,P047,1,102.85,102.85
O02492,C0028,2025-06-04,P006,2,309.91,619.82
O02493,C0013,2025-06-09,P036,1,527.91,527.91
O02494,C0513,2025-06-26,P028,1,11.25,11.25
O02494,C0513,2025-06-26,P034,3,259.38,778.14
O02494,C0513,2025-06-26,P025,2,13.87,27.74
O02495,C0268,2025-06-22,P045,1,618.02,618.02
O02495,C0268,2025-06-22,P026,2,32.56,65.12
O02496,C0199,2025-06-20,P021,3,375.86,1127.58
O02496,C0199,2025-06-20,P019,1,317.52,317.52
O02497,C0342,2025-06-05,P012,2,91.75,183.5
O02498,C0204,2025-06-14,P012,1,91.75,91.75
O02498,C0204,2025-06-14,P032,1,353.08,353.08
O02499,C0122,2025-06-01,P026,1,32.56,32.56
O02499,C0122,2025-06-01,P029,1,355.82,355.82
O02500,C0187,2025-06-07,P005,4,76.2,304.8
O02501,C0089,2025-06-03,P020,2,146.07,292.14
O02502,C0697,2025-06-11,P021,4,375.86,1503.44
O02502,C0697,2025-06-11,P028,1,11.25,11.25
O02503,C0080,2025-06-18,P042,4,43.3,173.2
O02503,C0080,2025-06-18,P032,4,353.08,1412.32
O02504,C0252,2025-06-12,P017,3,201.22,603.66
O02504,C0252,2025-06-12,P043,1,29.54,29.54
O02505,C0137,2025-06-18,P028,1,11.25,11.25
O02505,C0137,2025-06-18,P034,1,259.38,259.38
O02506,C0681,2025-06-22,P020,3,146.07,438.21
O02507,C0141,2025-06-04,P027,4,96.36,385.44
O02508,C0119,2025-06-03,P039,1,257.83,257.83
O02509,C0418,2025-06-11,P022,2,363.71,727.42
O02510,C0654,2025-06-23,P021,1,375.86,375.86
O02510,C0654,2025-06-23,P027,1,96.36,96.36
O02511,C0103,2025-06-18,P016,1,30.4,30.4
O02512,C0446,2025-06-16,P012,1,91.75,91.75
O02513,C0557,2025-06-08,P023,1,306.62,306.62
O02514,C0275,2025-06-01,P031,1,319.68,319.68
O02515,C0614,2025-06-11,P036,1,527.91,527.91
O02516,C0795,2025-06-17,P024,2,135.44,270.88
O02517,C0569,2025-06-19,P038,2,216.22,432.44
O02518,C0603,2025-06-05,P047,1,102.85,102.85
O02519,C0003,2025-06-08,P031,1,319.68,319.68
O02519,C0003,2025-06-08,P023,2,306.62,613.24
O02520,C0447,2025-06-08,P045,1,618.02,618.02
O02520,C0447,2025-06-08,P030,2,301.86,603.72
O02521,C0118,2025-06-03,P011,4,215.54,862.16
O02521,C0118,2025-06-03,P026,1,32.56,32.56
O02521,C0118,2025-06-03,P046,2,201.03,402.06
O02522,C0063,2025-06-19,P042,1,43.3,43.3
O02523,C0213,2025-06-16,P018,3,296.36,889.08
O02523,C0213,2025-06-16,P037,1,303.43,303.43
O02523,C0213,2025-06-16,P015,1,44.73,44.73
O02524,C0568,2025-06-08,P031,2,319.68,639.36
O02525,C0515,2025-06-28,P041,1,718.47,718.47
O02525,C0515,2025-06-28,P018,1,296.36,296.36
O02526,C0595,2025-06-14,P018,1,296.36,296.36
O02527,C0230,2025-06-05,P031,4,319.68,1278.72
O02528,C0103,2025-06-19,P014,4,9.95,39.8
O02529,C0751,2025-06-16,P025,1,13.87,13.87
O02530,C0744,2025-06-15,P009,1,152.01,152.01
O02531,C0350,2025-06-23,P036,2,527.91,1055.82
O02532,C0495,2025-06-05,P047,1,102.85,102.85
O02533,C0774,2025-06-27,P012,1,91.75,91.75
O02533,C0774,2025-06-27,P002,2,27.35,54.7
O02534,C0148,2025-06-16,P044,1,142.35,142.35
O02535,C0704,2025-06-06,P008,3,14.18,42.54
O02536,C0073,2025-06-08,P021,1,375.86,375.86
O02536,C0073,2025-06-08,P008,3,14.18,42.54
O02537,C0157,2025-06-04,P048,1,188.57,188.57
O02538,C0620,2025-06-11,P020,1,146.07,146.07
O02538,C0620,2025-06-11,P026,1,32.56,32.56
O02539,C0521,2025-06-14,P006,1,309.91,309.91
O02539,C0521,2025-06-14,P023,3,306.62,919.86
O02540,C0694,2025-06-02,P041,1,718.47,718.47
O02541,C0792,2025-06-25,P037,3,303.43,910.29
O02542,C0567,2025-06-06,P014,2,9.95,19.9
O02543,C0685,2025-06-17,P005,2,76.2,152.4
O02544,C0468,2025-06-12,P017,2,201.22,402.44
O02545,C0392,2025-06-23,P038,3,216.22,648.66
O02545,C0392,2025-06-23,P008,2,14.18,28.36
O02545,C0392,2025-06-23,P031,1,319.68,319.68
O02546,C0562,2025-06-16,P002,1,27.35,27.35
O02547,C0787,2025-06-09,P033,4,616.01,2464.04
O02547,C0787,2025-06-09,P008,1,14.18,14.18
O02547,C0787,2025-06-09,P029,1,355.82,355.82
O02548,C0671,2025-06-15,P031,4,319.68,1278.72
O02549,C0410,2025-06-06,P035,1,69.79,69.79
O02550,C0760,2025-06-25,P031,1,319.68,319.68
O02551,C0489,2025-06-17,P020,1,146.07,146.07
O02552,C0459,2025-06-19,P036,1,527.91,527.91
O02552,C0459,2025-06-19,P017,1,201.22,201.22
O02552,C0459,2025-06-19,P016,2,30.4,60.8
O02553,C0662,2025-06-10,P003,2,49.77,99.54
O02553,C0662,2025-06-10,P022,3,363.71,1091.13
O02554,C0216,2025-06-15,P022,1,363.71,363.71
O02555,C0214,2025-06-07,P013,1,6.25,6.25
O02555,C0214,2025-06-07,P019,1,317.52,317.52
O02556,C0104,2025-06-23,P026,1,32.56,32.56
O02556,C0104,2025-06-23,P006,1,309.91,309.91
O02556,C0104,2025-06-23,P013,4,6.25,25.0
O02557,C0598,2025-06-24,P044,2,142.35,284.7
O02558,C0492,2025-06-05,P037,2,303.43,606.86
O02559,C0705,2025-06-17,P018,1,296.36,296.36
O02560,C0045,2025-06-20,P003,3,49.77,149.31
O02561,C0479,2025-06-24,P042,2,43.3,86.6
O02562,C0056,2025-06-23,P024,3,135.44,406.32
O02563,C0427,2025-06-07,P013,2,6.25,12.5
O02564,C0600,2025-06-28,P019,3,317.52,952.56
O02564,C0600,2025-06-28,P038,2,216.22,432.44
O02565,C0028,2025-06-21,P011,1,215.54,215.54
O02566,C0364,2025-06-11,P009,1,152.01,152.01
O02567,C0643,2025-06-24,P043,3,29.54,88.62
O02568,C0538,2025-06-16,P002,2,27.35,54.7
O02569,C0564,2025-06-09,P024,2,135.44,270.88
O02570,C0400,2025-06-17,P015,1,44.73,44.73
O02571,C0607,2025-06-24,P022,4,363.71,1454.84
O02572,C0262,2025-06-08,P037,2,303.43,606.86
O02573,C0142,2025-06-15,P022,1,363.71,363.71
O02574,C0127,2025-06-25,P040,1,13.38,13.38
O02575,C0487,2025-06-16,P006,1,309.91,309.91
O02576,C0105,2025-06-14,P043,1,29.54,29.54
O02577,C0280,2025-06-09,P017,1,201.22,201.22
O02578,C0523,2025-06-01,P041,2,718.47,1436.94
O02578,C0523,2025-06-01,P045,1,618.02,618.02
O02579,C0517,2025-06-28,P025,1,13.87,13.87
O02579,C0517,2025-06-28,P023,2,306.62,613.24
O02579,C0517,2025-06-28,P020,2,146.07,292.14
O02580,C0770,2025-06-13,P030,4,301.86,1207.44
O02581,C0277,2025-06-03,P015,1,44.73,44.73
O02582,C0665,2025-06-01,P019,1,317.52,317.52
O02583,C0641,2025-06-01,P041,2,718.47,1436.94
O02584,C0321,2025-06-08,P015,2,44.73,89.46
O02584,C0321,2025-06-08,P026,1,32.56,32.56
O02584,C0321,2025-06-08,P047,1,102.85,102.85
O02585,C0004,2025-06-22,P007,2,256.51,513.02
O02585,C0004,2025-06-22,P003,2,49.77,99.54
O02586,C0712,2025-06-05,P046,1,201.03,201.03
O02587,C0195,2025-06-20,P042,2,43.3,86.6
O02588,C0745,2025-06-21,P045,1,618.02,618.02
O02588,C0745,2025-06-21,P022,1,363.71,363.71
O02588,C0745,2025-06-21,P037,1,303.43,303.43
O02589,C0501,2025-06-06,P035,1,69.79,69.79
O02590,C0612,2025-06-25,P027,2,96.36,192.72
O02590,C0612,2025-06-25,P017,1,201.22,201.22
O02591,C0278,2025-06-22,P023,1,306.62,306.62
O02592,C0429,2025-06-19,P009,1,152.01,152.01
O02592,C0429,2025-06-19,P047,1,102.85,102.85
O02593,C0029,2025-06-26,P020,1,146.07,146.07
O02593,C0029,2025-06-26,P025,3,13.87,41.61
O02594,C0597,2025-06-14,P017,1,201.22,201.22
O02594,C0597,2025-06-14,P037,1,303.43,303.43
O02595,C0333,2025-06-28,P003,1,49.77,49.77
O02596,C0395,2025-06-24,P006,1,309.91,309.91
O02597,C0758,2025-06-26,P031,1,319.68,319.68
O02598,C0141,2025-06-11,P040,1,13.38,13.38
O02598,C0141,2025-06-11,P045,2,618.02,1236.04
O02598,C0141,2025-06-11,P042,2,43.3,86.6
O02599,C0511,2025-06-22,P006,2,309.91,619.82
O02599,C0511,2025-06-22,P007,1,256.51,256.51
O02600,C0277,2025-06-06,P006,1,309.91,309.91
O02600,C0277,2025-06-06,P019,1,317.52,317.52
O02600,C0277,2025-06-06,P011,3,215.54,646.62
O02601,C0246,2025-06-20,P041,2,718.47,1436.94
O02602,C0147,2025-06-24,P020,4,146.07,584.28
O02603,C0127,2025-06-05,P022,2,363.71,727.42
O02604,C0199,2025-06-11,P038,2,216.22,432.44
O02605,C0228,2025-06-26,P023,1,306.62,306.62
O02605,C0228,2025-06-26,P020,3,146.07,438.21
O02606,C0563,2025-06-01,P034,3,259.38,778.14
O02607,C0165,2025-06-04,P008,2,14.18,28.36
O02608,C0590,2025-06-06,P004,1,27.36,27.36
O02609,C0374,2025-06-23,P048,3,188.57,565.71
O02610,C0114,2025-06-14,P003,1,49.77,49.77
O02611,C0095,2025-06-27,P017,4,201.22,804.88
O02612,C0519,2025-06-13,P001,1,776.86,776.86
O02612,C0519,2025-06-13,P008,2,14.18,28.36
O02612,C0519,2025-06-13,P002,1,27.35,27.35
O02613,C0216,2025-06-22,P005,2,76.2,152.4
O02614,C0636,2025-06-08,P036,1,527.91,527.91
O02614,C0636,2025-06-08,P009,1,152.01,152.01
O02614,C0636,2025-06-08,P039,3,257.83,773.49
O02615,C0401,2025-06-14,P041,1,718.47,718.47
O02616,C0782,2025-06-24,P026,1,32.56,32.56
O02617,C0427,2025-06-23,P020,1,146.07,146.07
O02618,C0449,2025-06-25,P035,2,69.79,139.58
O02619,C0723,2025-06-23,P017,1,201.22,201.22
O02620,C0142,2025-06-24,P043,2,29.54,59.08
O02621,C0750,2025-06-11,P030,2,301.86,603.72
O02622,C0704,2025-06-19,P012,2,91.75,183.5
O02622,C0704,2025-06-19,P011,1,215.54,215.54
O02623,C0788,2025-06-18,P003,2,49.77,99.54
O02624,C0144,2025-06-22,P022,2,363.71,727.42
O02625,C0365,2025-06-19,P044,1,142.35,142.35
O02625,C0365,2025-06-19,P010,2,108.97,217.94
O02626,C0222,2025-06-07,P031,1,319.68,319.68
O02627,C0105,2025-06-28,P048,1,188.57,188.57
O02628,C0516,2025-06-26,P003,3,49.77,149.31
O02628,C0516,2025-06-26,P011,1,215.54,215.54
O02628,C0516,2025-06-26,P012,1,91.75,91.75
O02629,C0610,2025-06-15,P020,2,146.07,292.14
O02630,C0057,2025-06-01,P022,1,363.71,363.71
O02631,C0558,2025-06-19,P044,1,142.35,142.35
O02632,C0688,2025-06-07,P033,1,616.01,616.01
O02633,C0159,2025-06-25,P031,1,319.68,319.68
O02634,C0790,2025-06-22,P029,3,355.82,1067.46
O02635,C0499,2025-06-20,P011,4,215.54,862.16
O02636,C0488,2025-06-15,P002,2,27.35,54.7
O02636,C0488,2025-06-15,P015,1,44.73,44.73
O02636,C0488,2025-06-15,P002,4,27.35,109.4
O02637,C0003,2025-06-09,P012,2,91.75,183.5
O02637,C0003,2025-06-09,P010,4,108.97,435.88
O02637,C0003,2025-06-09,P044,2,142.35,284.7
O02638,C0695,2025-06-28,P029,2,355.82,711.64
O02638,C0695,2025-06-28,P026,1,32.56,32.56
O02639,C0221,2025-06-01,P039,1,257.83,257.83
O02640,C0348,2025-06-23,P025,2,13.87,27.74
O02640,C0348,2025-06-23,P023,4,306.62,1226.48
O02641,C0716,2025-06-03,P043,1,29.54,29.54
O02641,C0716,2025-06-03,P001,1,776.86,776.86
O02642,C0755,2025-06-17,P008,2,14.18,28.36
O02643,C0399,2025-06-20,P029,1,355.82,355.82
O02644,C0623,2025-06-01,P015,1,44.73,44.73
O02645,C0343,2025-06-22,P004,1,27.36,27.36
O02646,C0158,2025-06-03,P038,2,216.22,432.44
O02646,C0158,2025-06-03,P007,3,256.51,769.53
O02646,C0158,2025-06-03,P029,1,355.82,355.82
O02647,C0788,2025-06-02,P034,1,259.38,259.38
O02648,C0209,2025-06-12,P022,1,363.71,363.71
O02649,C0380,2025-06-11,P044,2,142.35,284.7
O02650,C0694,2025-06-06,P002,1,27.35,27.35
O02651,C0114,2025-06-02,P037,3,303.43,910.29
O02652,C0126,2025-06-18,P040,2,13.38,26.76
O02652,C0126,2025-06-18,P045,2,618.02,1236.04
O02653,C0579,2025-06-25,P043,2,29.54,59.08
O02653,C0579,2025-06-25,P007,2,256.51,513.02
O02654,C0644,2025-06-10,P011,1,215.54,215.54
O02655,C0323,2025-06-03,P042,1,43.3,43.3
O02656,C0020,2025-06-12,P047,1,102.85,102.85
O02657,C0718,2025-06-12,P001,2,776.86,1553.72
O02658,C0540,2025-06-19,P002,1,27.35,27.35
O02659,C0609,2025-06-19,P032,1,353.08,353.08
O02659,C0609,2025-06-19,P044,2,142.35,284.7
O02659,C0609,2025-06-19,P010,3,108.97,326.91
O02660,C0635,2025-06-05,P013,1,6.25,6.25
O02661,C0565,2025-06-01,P013,1,6.25,6.25
O02661,C0565,2025-06-01,P021,3,375.86,1127.58
O02662,C0777,2025-06-14,P035,3,69.79,209.37
O02662,C0777,2025-06-14,P039,2,257.83,515.66
O02662,C0777,2025-06-14,P040,1,13.38,13.38
O02663,C0085,2025-06-19,P044,1,142.35,142.35
O02664,C0083,2025-06-18,P001,1,776.86,776.86
O02665,C0181,2025-06-04,P018,1,296.36,296.36
O02665,C0181,2025-06-04,P003,1,49.77,49.77
O02666,C0392,2025-06-10,P030,1,301.86,301.86
O02667,C0742,2025-06-23,P007,1,256.51,256.51
O02668,C0590,2025-06-18,P012,3,91.75,275.25
O02669,C0757,2025-06-12,P014,1,9.95,9.95
O02670,C0430,2025-06-23,P038,1,216.22,216.22
O02670,C0430,2025-06-23,P021,1,375.86,375.86
O02670,C0430,2025-06-23,P022,4,363.71,1454.84
O02671,C0116,2025-06-14,P019,4,317.52,1270.08
O02672,C0776,2025-06-24,P021,2,375.86,751.72
O02673,C0472,2025-06-24,P032,1,353.08,353.08
O02674,C0265,2025-06-09,P016,2,30.4,60.8
O02675,C0166,2025-06-03,P002,1,27.35,27.35
O02676,C0668,2025-06-06,P015,1,44.73,44.73
O02676,C0668,2025-06-06,P010,1,108.97,108.97
O02676,C0668,2025-06-06,P043,1,29.54,29.54
O02677,C0447,2025-06-18,P013,1,6.25,6.25
